﻿<?xml version="1.0" encoding="utf-8" ?>
<Defs>

	<!-- ===== Generic (indworld, urbworld, or unspecified) Backstories ===== -->

	<REB_Code.BackstoryDef>
		<defName>GeneralC01</defName>
		<slot>Childhood</slot>
		<title>Apocalypse survivor</title>
		<titleShort>Survivor</titleShort>
		<baseDesc>NAME was born during a time of unrest on HIS homeworld, as climate change threatened mass starvation and flooding. As HE grew up the situation worsened - billions died and peaceful states descended into anarchy. NAME and HIS parents did whatever they had to to survive.</baseDesc>
		<skillGains>
			<li><key>Shooting</key><value>4</value></li>
			<li><key>Artistic</key><value>-3</value></li>
			<li><key>Intellectual</key><value>-3</value></li>
		</skillGains>
		<spawnCategories>
			<li>Civil</li>
			<li>Raider</li>
			<li>Slave</li>
			<li>Trader</li>
			<li>Traveler</li>
		</spawnCategories>
	</REB_Code.BackstoryDef>

	<REB_Code.BackstoryDef>
		<defName>GeneralC02</defName>
		<slot>Childhood</slot>
		<title>Caveworld tender</title>
		<titleShort>Cave kid</titleShort>
		<baseDesc>NAME grew up in cave complex deep beneath the surface of an inhospitable world. HECAP worked with the other children tending the tribe's fungus crops.</baseDesc>
		<skillGains>
			<li><key>Growing</key><value>4</value></li>
			<li><key>Mining</key><value>2</value></li>
			<li><key>Shooting</key><value>-3</value></li>
		</skillGains>
		<spawnCategories>
			<li>Civil</li>
			<li>Raider</li>
			<li>Slave</li>
			<li>Trader</li>
			<li>Traveler</li>
		</spawnCategories>
	</REB_Code.BackstoryDef>

	<REB_Code.BackstoryDef>
		<defName>GeneralC03</defName>
		<slot>Childhood</slot>
		<title>Caveworld tunneler</title>
		<titleShort>Tunneler</titleShort>
		<baseDesc>NAME worked as a digger in a massive underground cave complex. HECAP knows rock so well that HE can almost navigate caves by smell.</baseDesc>
		<workDisables>
			<li>Intellectual</li>
			<li>Crafting</li>
		</workDisables>
		<skillGains>
			<li><key>Construction</key><value>1</value></li>
			<li><key>Mining</key><value>6</value></li>
			<li><key>Shooting</key><value>-2</value></li>
		</skillGains>
		<bodyTypeMale>Hulk</bodyTypeMale>
		<bodyTypeFemale>Hulk</bodyTypeFemale>
		<spawnCategories>
			<li>Civil</li>
			<li>Raider</li>
			<li>Slave</li>
			<li>Trader</li>
			<li>Traveler</li>
		</spawnCategories>
	</REB_Code.BackstoryDef>

	<REB_Code.BackstoryDef>
		<defName>GeneralC04</defName>
		<slot>Childhood</slot>
		<title>Child spy</title>
		<titleShort>Spy</titleShort>
		<baseDesc>Children are often presumed innocent, and can be ideal as spies. NAME was trained in the art of infiltration and information-gathering when HE was just nine years old. HISCAP years behind enemy lines and the war-torn nature of HIS homeworld meant HE had limited opportunity for education.</baseDesc>
		<skillGains>
			<li><key>Shooting</key><value>5</value></li>
			<li><key>Intellectual</key><value>-3</value></li>
		</skillGains>
		<spawnCategories>
			<li>Civil</li>
			<li>Raider</li>
			<li>Slave</li>
			<li>Trader</li>
			<li>Traveler</li>
		</spawnCategories>
	</REB_Code.BackstoryDef>

	<REB_Code.BackstoryDef>
		<defName>GeneralC05</defName>
		<slot>Childhood</slot>
		<title>Child star</title>
		<titleShort>Star</titleShort>
		<baseDesc>NAME was well-known throughout HIS homeworld as a child actor in films and TV shows. HISCAP fame put HIM in contact with many different kinds of people, but also tended to get in the way of HIS education.</baseDesc>
		<workDisables>
			<li>ManualDumb</li>
		</workDisables>
		<skillGains>
			<li><key>Social</key><value>3</value></li>
			<li><key>Artistic</key><value>3</value></li>
			<li><key>Intellectual</key><value>-2</value></li>
		</skillGains>
		<spawnCategories>
			<li>Civil</li>
			<li>Raider</li>
			<li>Slave</li>
			<li>Trader</li>
			<li>Traveler</li>
		</spawnCategories>
	</REB_Code.BackstoryDef>

	<REB_Code.BackstoryDef>
		<defName>GeneralC06</defName>
		<slot>Childhood</slot>
		<title>Coma child</title>
		<titleShort>Coma</titleShort>
		<baseDesc>A childhood accident put NAME into a coma. HECAP didn't wake up until HE was in HIS late teens. HISCAP body never recovered from the years of inactivity, but people tend to take pity on HIM when they hear HIS story.</baseDesc>
		<skillGains>
			<li><key>Social</key><value>4</value></li>
			<li><key>Construction</key><value>-2</value></li>
			<li><key>Mining</key><value>-2</value></li>
		</skillGains>
		<bodyTypeMale>Thin</bodyTypeMale>
		<bodyTypeFemale>Thin</bodyTypeFemale>
		<spawnCategories>
			<li>Civil</li>
			<li>Raider</li>
			<li>Slave</li>
			<li>Trader</li>
			<li>Traveler</li>
		</spawnCategories>
	</REB_Code.BackstoryDef>

	<REB_Code.BackstoryDef>
		<defName>GeneralC07</defName>
		<slot>Childhood</slot>
		<title>Cult child</title>
		<titleShort>Cult kid</titleShort>
		<baseDesc>NAME was born into a powerful cult which shunned advanced technology and believed that all illness could be cured by cleansing the soul through sacred art. After HIS first glimpse of the outside world, HE decided to run away.</baseDesc>
		<workDisables>
			<li>Intellectual</li>
		</workDisables>
		<skillGains>
			<li><key>Medicine</key><value>-3</value></li>
			<li><key>Artistic</key><value>5</value></li>
		</skillGains>
		<spawnCategories>
			<li>Civil</li>
			<li>Raider</li>
			<li>Slave</li>
			<li>Trader</li>
			<li>Traveler</li>
		</spawnCategories>
	</REB_Code.BackstoryDef>

	<REB_Code.BackstoryDef>
		<defName>GeneralC08</defName>
		<slot>Childhood</slot>
		<title>Frightened child</title>
		<titleShort>Scared</titleShort>
		<baseDesc>NAME grew up with a laundry list of phobias and neuroses. HECAP feared, among other things, doctors and foodborne pathogens. As a result, HE learned to cook and care for HIMself, but many of HIS fears dog HIM in adulthood.</baseDesc>
		<workDisables>
			<li>Firefighting</li>
		</workDisables>
		<skillGains>
			<li><key>Medicine</key><value>3</value></li>
			<li><key>Cooking</key><value>3</value></li>
		</skillGains>
		<spawnCategories>
			<li>Civil</li>
			<li>Raider</li>
			<li>Slave</li>
			<li>Trader</li>
			<li>Traveler</li>
		</spawnCategories>
	</REB_Code.BackstoryDef>

	<REB_Code.BackstoryDef>
		<defName>GeneralC09</defName>
		<slot>Childhood</slot>
		<title>Industrial orphan</title>
		<titleShort>Orphan</titleShort>
		<baseDesc>NAME never knew HIS parents. HISCAP earliest memories were of drudgery in the mines and workhouses of HIS industrial world. Because of this, HE never received a proper education.</baseDesc>
		<skillGains>
			<li><key>Crafting</key><value>3</value></li>
			<li><key>Mining</key><value>3</value></li>
			<li><key>Intellectual</key><value>-2</value></li>
		</skillGains>
		<spawnCategories>
			<li>Civil</li>
			<li>Raider</li>
			<li>Slave</li>
			<li>Trader</li>
			<li>Traveler</li>
		</spawnCategories>
	</REB_Code.BackstoryDef>

	<REB_Code.BackstoryDef>
		<defName>GeneralC10</defName>
		<slot>Childhood</slot>
		<title>Medical assistant</title>
		<titleShort>Medic</titleShort>
		<baseDesc>NAME was born during a catastrophic war in which both sides used napalm extensively. HECAP grew up helping HIS parents in an infirmary, treating the cascade of horrific burns from the battlefields. HECAP was left with a lifelong fear of fire.</baseDesc>
		<workDisables>
			<li>Firefighting</li>
		</workDisables>
		<skillGains>
			<li><key>Medicine</key><value>5</value></li>
		</skillGains>
		<spawnCategories>
			<li>Civil</li>
			<li>Raider</li>
			<li>Slave</li>
			<li>Trader</li>
			<li>Traveler</li>
		</spawnCategories>
	</REB_Code.BackstoryDef>

	<REB_Code.BackstoryDef>
		<defName>GeneralC11</defName>
		<slot>Childhood</slot>
		<title>Music lover</title>
		<titleShort>Musician</titleShort>
		<baseDesc>As a child, NAME had a talent for playing musical instruments and singing. HECAP was given expert training and loved to perform in recitals and concerts, though the lavish praise HE received made HIM a little self-obsessed.</baseDesc>
		<skillGains>
			<li><key>Social</key><value>-2</value></li>
			<li><key>Artistic</key><value>5</value></li>
		</skillGains>
		<spawnCategories>
			<li>Civil</li>
			<li>Raider</li>
			<li>Slave</li>
			<li>Trader</li>
			<li>Traveler</li>
		</spawnCategories>
	</REB_Code.BackstoryDef>

	<REB_Code.BackstoryDef>
		<defName>GeneralC12</defName>
		<slot>Childhood</slot>
		<title>Mute</title>
		<titleShort>Mute</titleShort>
		<baseDesc>NAME was greatly affected by a traumatic event early in HIS life. For many years HE refused to speak to people, preferring instead to play with HIS household's numerous pets.</baseDesc>
		<workDisables>
			<li>Social</li>
		</workDisables>
		<skillGains>
			<li><key>Animals</key><value>5</value></li>
		</skillGains>
		<spawnCategories>
			<li>Civil</li>
			<li>Raider</li>
			<li>Slave</li>
			<li>Trader</li>
			<li>Traveler</li>
		</spawnCategories>
	</REB_Code.BackstoryDef>

	<REB_Code.BackstoryDef>
		<defName>GeneralC13</defName>
		<slot>Childhood</slot>
		<title>Organ farm</title>
		<titleShort>Organ farm</titleShort>
		<baseDesc>NAME was raised in an illegal underground organ farm. HISCAP body was used to grow organic implants for wounded mercenaries. Though HIS upbringing has left HIM haunted, it has also given HIM a unique understanding of human biology.</baseDesc>
		<workDisables>
			<li>Firefighting</li>
		</workDisables>
		<skillGains>
			<li><key>Medicine</key><value>5</value></li>
		</skillGains>
		<bodyTypeMale>Male</bodyTypeMale>
		<bodyTypeFemale>Female</bodyTypeFemale>
		<spawnCategories>
			<li>Civil</li>
			<li>Raider</li>
			<li>Slave</li>
			<li>Trader</li>
			<li>Traveler</li>
		</spawnCategories>
	</REB_Code.BackstoryDef>

	<REB_Code.BackstoryDef>
		<defName>GeneralC14</defName>
		<slot>Childhood</slot>
		<title>Pyromaniac</title>
		<titleShort>Pyro</titleShort>
		<baseDesc>From an early age, NAME had an unhealthy fascination with fire. HECAP would set refuse heaps ablaze and become so entranced by the flames HE would absent-mindedly burn HIMself. One day while playing with matches, HE carelessly burned down HIS home.</baseDesc>
		<workDisables>
			<li>Firefighting</li>
		</workDisables>
		<skillGains>
			<li><key>Social</key><value>-3</value></li>
			<li><key>Cooking</key><value>-2</value></li>
			<li><key>Artistic</key><value>3</value></li>
		</skillGains>
		<forcedTraits>
			<li><key>Pyromaniac</key><value>0</value></li>
		</forcedTraits>
		<spawnCategories>
			<li>Civil</li>
			<li>Raider</li>
			<li>Slave</li>
			<li>Trader</li>
			<li>Traveler</li>
		</spawnCategories>
	</REB_Code.BackstoryDef>

	<REB_Code.BackstoryDef>
		<defName>GeneralC15</defName>
		<slot>Childhood</slot>
		<title>Refugee</title>
		<titleShort>Refugee</titleShort>
		<baseDesc>War broke out in NAME's home when HE was a baby. HISCAP parents fled with HIM, seeking safety wherever they could find it. NAME's earliest memories are of being taught how to defend HIMself. The violence and destruction HE witnessed left HIM scarred for life.</baseDesc>
		<workDisables>
			<li>Firefighting</li>
		</workDisables>
		<skillGains>
			<li><key>Shooting</key><value>3</value></li>
			<li><key>Melee</key><value>3</value></li>
		</skillGains>
		<spawnCategories>
			<li>Civil</li>
			<li>Raider</li>
			<li>Slave</li>
			<li>Trader</li>
			<li>Traveler</li>
		</spawnCategories>
	</REB_Code.BackstoryDef>

	<REB_Code.BackstoryDef>
		<defName>GeneralC16</defName>
		<slot>Childhood</slot>
		<title>Scout</title>
		<titleShort>Scout</titleShort>
		<baseDesc>Born to colonial administrators from a small imperial power, NAME was enrolled in a youth program that taught military scouting skills. HECAP learned to survive in the wilderness, to obey, and not to ask questions.</baseDesc>
		<workDisables>
			<li>Artistic</li>
			<li>Intellectual</li>
		</workDisables>
		<skillGains>
			<li><key>Shooting</key><value>3</value></li>
			<li><key>Crafting</key><value>2</value></li>
			<li><key>Construction</key><value>1</value></li>
		</skillGains>
		<spawnCategories>
			<li>Civil</li>
			<li>Raider</li>
			<li>Slave</li>
			<li>Trader</li>
			<li>Traveler</li>
		</spawnCategories>
	</REB_Code.BackstoryDef>

	<REB_Code.BackstoryDef>
		<defName>GeneralC17</defName>
		<slot>Childhood</slot>
		<title>Shelter child</title>
		<titleShort>Shelterkid</titleShort>
		<baseDesc>NAME grew up in a shelter deep beneath a toxic world. HECAP received a comprehensive education, but had no opportunity to do physical labour.</baseDesc>
		<skillGains>
			<li><key>Intellectual</key><value>3</value></li>
			<li><key>Medicine</key><value>3</value></li>
			<li><key>Social</key><value>2</value></li>
			<li><key>Construction</key><value>-2</value></li>
			<li><key>Mining</key><value>-2</value></li>
		</skillGains>
		<spawnCategories>
			<li>Civil</li>
			<li>Raider</li>
			<li>Slave</li>
			<li>Trader</li>
			<li>Traveler</li>
		</spawnCategories>
	</REB_Code.BackstoryDef>

	<REB_Code.BackstoryDef>
		<defName>GeneralC18</defName>
		<slot>Childhood</slot>
		<title>Shopkeeper</title>
		<titleShort>Shopkeep</titleShort>
		<baseDesc>NAME's mother was often ill, and it fell to HIM to run the store which was their only source of income. HECAP learned a little about the exotic artifacts which HE sold, and a lot about the art of the deal.</baseDesc>
		<skillGains>
			<li><key>Social</key><value>4</value></li>
			<li><key>Intellectual</key><value>2</value></li>
		</skillGains>
		<spawnCategories>
			<li>Civil</li>
			<li>Raider</li>
			<li>Slave</li>
			<li>Trader</li>
			<li>Traveler</li>
		</spawnCategories>
	</REB_Code.BackstoryDef>

	<REB_Code.BackstoryDef>
		<defName>GeneralC19</defName>
		<slot>Childhood</slot>
		<title>Sickly child</title>
		<titleShort>Patient</titleShort>
		<baseDesc>As a child, NAME suffered from a rare disease. Quarantined in a research hospital, HE had minimal human contact and got little physical exercise. In the sterile hospital environment, however, HE became very familiar with science and medicine.</baseDesc>
		<skillGains>
			<li><key>Intellectual</key><value>4</value></li>
			<li><key>Medicine</key><value>5</value></li>
			<li><key>Melee</key><value>-2</value></li>
			<li><key>Social</key><value>-2</value></li>
			<li><key>Construction</key><value>-2</value></li>
		</skillGains>
		<spawnCategories>
			<li>Civil</li>
			<li>Raider</li>
			<li>Slave</li>
			<li>Trader</li>
			<li>Traveler</li>
		</spawnCategories>
	</REB_Code.BackstoryDef>

	<REB_Code.BackstoryDef>
		<defName>GeneralC20</defName>
		<slot>Childhood</slot>
		<title>Story writer</title>
		<titleShort>Writer</titleShort>
		<baseDesc>As a child, NAME was addicted to reading. HECAP would spend all day in HIS local library with HIS nose in a book. When budget cuts forced the library to close, NAME was distraught. HE decided to fill the gap by writing HIS own stories instead.</baseDesc>
		<skillGains>
			<li><key>Artistic</key><value>4</value></li>
			<li><key>Intellectual</key><value>3</value></li>
		</skillGains>
		<spawnCategories>
			<li>Civil</li>
			<li>Raider</li>
			<li>Slave</li>
			<li>Trader</li>
			<li>Traveler</li>
		</spawnCategories>
	</REB_Code.BackstoryDef>

	<REB_Code.BackstoryDef>
		<defName>GeneralC21</defName>
		<slot>Childhood</slot>
		<title>Test subject</title>
		<titleShort>Testee</titleShort>
		<baseDesc>On the most corrupt urbworlds, scientists without a moral compass commit unspeakable atrocities in the name of research. NAME was kept alone in a sealed facility from birth and subjected to a variety of behavioural experiments in an attempt to turn HIM into a perfect super-soldier.</baseDesc>
		<workDisables>
			<li>Social</li>
			<li>Caring</li>
			<li>Firefighting</li>
			<li>Firefighting</li>
		</workDisables>
		<skillGains>
			<li><key>Shooting</key><value>4</value></li>
		</skillGains>
		<spawnCategories>
			<li>Civil</li>
			<li>Raider</li>
			<li>Slave</li>
			<li>Trader</li>
			<li>Traveler</li>
		</spawnCategories>
	</REB_Code.BackstoryDef>

	<REB_Code.BackstoryDef>
		<defName>GeneralC22</defName>
		<slot>Childhood</slot>
		<title>Urbworld urchin</title>
		<titleShort>Urchin</titleShort>
		<baseDesc>The urbworlds - ancient and deep industrial cityscapes bursting with humanity and poison. NAME grew up in the dark, unwanted reaches of such a place. HECAP had to fight for every scrap of food.</baseDesc>
		<skillGains>
			<li><key>Melee</key><value>4</value></li>
			<li><key>Shooting</key><value>2</value></li>
		</skillGains>
		<spawnCategories>
			<li>Civil</li>
			<li>Raider</li>
			<li>Slave</li>
			<li>Trader</li>
			<li>Traveler</li>
		</spawnCategories>
	</REB_Code.BackstoryDef>

	<REB_Code.BackstoryDef>
		<defName>GeneralC23</defName>
		<slot>Childhood</slot>
		<title>Vatgrown soldier</title>
		<titleShort>Vatgrown</titleShort>
		<baseDesc>NAME wasn't made as a person, but as an instrument of destruction. Grown in a bioweapons facility and taught combat during HIS accelerated growth, NAME still has a proclivity for combat of all kinds and an aversion to human contact.</baseDesc>
		<skillGains>
			<li><key>Melee</key><value>4</value></li>
			<li><key>Shooting</key><value>4</value></li>
		</skillGains>
		<workDisables>
			<li>Social</li>
			<li>Caring</li>
		</workDisables>
		<spawnCategories>
			<li>Civil</li>
			<li>Raider</li>
			<li>Slave</li>
			<li>Trader</li>
			<li>Traveler</li>
		</spawnCategories>
	</REB_Code.BackstoryDef>

	<REB_Code.BackstoryDef>
		<defName>GeneralC24</defName>
		<slot>Childhood</slot>
		<title>Wreckage explorer</title>
		<titleShort>Explorer</titleShort>
		<baseDesc>Two generations before NAME was born, an apocalyptic war dragged HIS home planet into anarchy. NAME was tasked with watching HIS tribe's herds, but often shirked HIS duties to go exploring the crashed warships scattered around the planet.</baseDesc>
		<skillGains>
			<li><key>Animals</key><value>3</value></li>
			<li><key>Intellectual</key><value>3</value></li>
		</skillGains>
		<spawnCategories>
			<li>Civil</li>
			<li>Raider</li>
			<li>Slave</li>
			<li>Trader</li>
			<li>Traveler</li>
		</spawnCategories>
	</REB_Code.BackstoryDef>

	<!-- ===== Glitterworld Backstories ===== -->

	<!-- ===== Medieval Backstories ===== -->

	<REB_Code.BackstoryDef>
		<defName>MedievalC01</defName>
		<slot>Childhood</slot>
		<title>Convent child</title>
		<titleShort>Illicit</titleShort>
		<baseDesc>The child of an illicit affair, NAME was bought up by nuns in a medieval convent. HECAP learned the value of hard work and submission, but was taught that technology is heretical.</baseDesc>
		<workDisables>
			<li>Intellectual</li>
			<li>Violent</li>
		</workDisables>
		<skillGains>
			<li><key>Construction</key><value>3</value></li>
			<li><key>Growing</key><value>3</value></li>
		</skillGains>
		<spawnCategories>
			<li>Civil</li>
			<li>Slave</li>
			<li>Trader</li>
			<li>Traveler</li>
		</spawnCategories>
	</REB_Code.BackstoryDef>

	<REB_Code.BackstoryDef>
		<defName>MedievalC02</defName>
		<slot>Childhood</slot>
		<title>Medieval lordling</title>
		<titleShort>Lordling</titleShort>
		<baseDesc>NAME was a minor noble in an old kingdom on a medieval world. HECAP grew up in a manor made of stone, served by bowing lowerclassmen. Such a life teaches no technical skills and instils a lifelong aversion to manual labor - but NAME learned early the ways of social manipulation.</baseDesc>
		<skillGains>
			<li><key>Social</key><value>4</value></li>
			<li><key>Construction</key><value>-1</value></li>
			<li><key>Mining</key><value>-1</value></li>
			<li><key>Growing</key><value>-1</value></li>
		</skillGains>
		<spawnCategories>
			<li>Civil</li>
			<li>Raider</li>
			<li>Slave</li>
			<li>Trader</li>
			<li>Traveler</li>
		</spawnCategories>
	</REB_Code.BackstoryDef>

	<REB_Code.BackstoryDef>
		<defName>MedievalC03</defName>
		<slot>Childhood</slot>
		<title>Medieval slave</title>
		<titleShort>Slave</titleShort>
		<baseDesc>NAME grew up pulling carts and digging holes on a medieval world. Simple manual labor is HIS oldest companion - along with the master's lash. HECAP didn't learn to read until age nine.</baseDesc>
		<skillGains>
			<li><key>Growing</key><value>2</value></li>
			<li><key>Construction</key><value>2</value></li>
			<li><key>Mining</key><value>2</value></li>
			<li><key>Intellectual</key><value>-3</value></li>
		</skillGains>
		<spawnCategories>
			<li>Civil</li>
			<li>Raider</li>
			<li>Slave</li>
			<li>Trader</li>
			<li>Traveler</li>
		</spawnCategories>
	</REB_Code.BackstoryDef>

</Defs>
