﻿<?xml version="1.0" encoding="utf-8" ?>
<Defs>

	<REB_Code.BackstoryDef>
		<defName>REBA001</defName>
		<slot>Adulthood</slot>
		<title>Chieftain</title>
		<titleShort>Chieftain</titleShort>
		<baseDesc>NAME was the chief of HIS tribe unit it was wiped out by raiders. Now HE wanders the Rimworld waiting for a chance at revenge.</baseDesc>
		<skillGains>
			<li><key>Animals</key><value>2</value></li>
			<li><key>Construction</key><value>2</value></li>
			<li><key>Melee</key><value>6</value></li>
			<li><key>Intellectual</key><value>1</value></li>
			<li><key>Social</key><value>9</value></li>
		</skillGains>
		<spawnCategories>
			<li>Civil</li>
			<li>Slave</li>
			<li>Tribal</li>
			<li>FilterSet1</li>
		</spawnCategories>
	</REB_Code.BackstoryDef>

	<REB_Code.BackstoryDef>
		<defName>REBA002</defName>
		<slot>Adulthood</slot>
		<title>Medieval lord</title>
		<titleShort>Medieval Lord</titleShort>
		<baseDesc>NAME is a noble lord. HE has decided to wander the rimworld to test HIS mettle against this harsh world before returning to lead HIS people.</baseDesc>
		<skillGains>
			<li><key>Artistic</key><value>2</value></li>
			<li><key>Construction</key><value>3</value></li>
			<li><key>Melee</key><value>6</value></li>
			<li><key>Social</key><value>8</value></li>
			<li><key>Shooting</key><value>1</value></li>
		</skillGains>
		<spawnCategories>
			<li>Civil</li>
			<li>Raider</li>
			<li>Slave</li>
			<li>Trader</li>
			<li>Traveler</li>
			<li>FilterSet2</li>
		</spawnCategories>
	</REB_Code.BackstoryDef>

	<REB_Code.BackstoryDef>
		<defName>REBA003</defName>
		<slot>Adulthood</slot>
		<title>Senator</title>
		<titleShort>Senator</titleShort>
		<baseDesc>NAME is an exiled senator. HIS political enemies came for HIM one night and HE was forced to flee. HE hopes to build a following on this new world and return for vengeance when possible.</baseDesc>
		<skillGains>
			<li><key>Artistic</key><value>3</value></li>
			<li><key>Construction</key><value>2</value></li>
			<li><key>Social</key><value>12</value></li>
			<li><key>Intellectual</key><value>3</value></li>
		</skillGains>
		<spawnCategories>
			<li>Civil</li>
			<li>Raider</li>
			<li>Slave</li>
			<li>Trader</li>
			<li>Traveler</li>
			<li>FilterSet6</li>
		</spawnCategories>
	</REB_Code.BackstoryDef>
	
	<REB_Code.BackstoryDef>
		<defName>REBA004</defName>
		<slot>Adulthood</slot>
		<title>Gang leader</title>
		<titleShort>Gang leader</titleShort>
		<baseDesc>NAME was an urbworld gang leader. HE left his crew behind when HE was betrayed. NAME hopes to start a new gang on this forsaken world and rise to be its crime kingpin.</baseDesc>
		<skillGains>
			<li><key>Artistic</key><value>1</value></li>
			<li><key>Social</key><value>7</value></li>
			<li><key>Melee</key><value>3</value></li>
			<li><key>Shooting</key><value>8</value></li>
			<li><key>Medicine</key><value>1</value></li>
		</skillGains>
		<spawnCategories>
			<li>Civil</li>
			<li>Raider</li>
			<li>Slave</li>
			<li>Trader</li>
			<li>Traveler</li>
			<li>FilterSet4</li>
		</spawnCategories>
	</REB_Code.BackstoryDef>

	<REB_Code.BackstoryDef>
		<defName>REBA005</defName>
		<slot>Adulthood</slot>
		<title>Governor</title>
		<titleShort>Governor</titleShort>
		<baseDesc>NAME was a governor on this rimworld until his colony was overrun by raiders. Now HE wanders the Rimworld waiting for a chance at revenge.</baseDesc>
		<skillGains>
			<li><key>Construction</key><value>4</value></li>
			<li><key>Social</key><value>8</value></li>
			<li><key>Shooting</key><value>4</value></li>
			<li><key>Animals</key><value>2</value></li>
			<li><key>Growing</key><value>2</value></li>
		</skillGains>
		<spawnCategories>
			<li>Civil</li>
			<li>Raider</li>
			<li>Slave</li>
			<li>Trader</li>
			<li>Traveler</li>
			<li>FilterSet5</li>
		</spawnCategories>
	</REB_Code.BackstoryDef>
	
	<REB_Code.BackstoryDef>
		<defName>REBA006</defName>
		<slot>Adulthood</slot>
		<title>Union boss</title>
		<titleShort>Union boss</titleShort>
		<baseDesc>NAME was a union boss on a caveworld. HE has decided to dedicate HIS life to supporting the rights of the workers in the outer rim.</baseDesc>
		<skillGains>
			<li><key>Construction</key><value>3</value></li>
			<li><key>Social</key><value>7</value></li>
			<li><key>Melee</key><value>3</value></li>
			<li><key>Mining</key><value>4</value></li>
			<li><key>Crafting</key><value>3</value></li>
		</skillGains>
		<spawnCategories>
			<li>Civil</li>
			<li>Raider</li>
			<li>Slave</li>
			<li>Trader</li>
			<li>Traveler</li>
			<li>FilterSet3</li>
		</spawnCategories>
	</REB_Code.BackstoryDef>

	<REB_Code.BackstoryDef>
		<defName>REBA007</defName>
		<slot>Adulthood</slot>
		<title>Combat engineer</title>
		<titleShort>Combat engineer</titleShort>
		<baseDesc>NAME is a combat engineer. HE knows how to build structures as well as how to tear them down. Now NAME has decided to put HIS skills to use helping to build and defend a colony on the outer rim.</baseDesc>
		<skillGains>
			<li><key>Construction</key><value>6</value></li>
			<li><key>Mining</key><value>8</value></li>
			<li><key>Crafting</key><value>3</value></li>
			<li><key>Intellectual</key><value>3</value></li>
		</skillGains>
		<spawnCategories>
			<li>Civil</li>
			<li>Raider</li>
			<li>Slave</li>
			<li>Trader</li>
			<li>Traveler</li>
			<li>FilterSet3</li>
		</spawnCategories>
	</REB_Code.BackstoryDef>

	<REB_Code.BackstoryDef>
		<defName>REBA008</defName>
		<slot>Adulthood</slot>
		<title>Sheriff</title>
		<titleShort>Sheriff</titleShort>
		<baseDesc>NAME is a sheriff of the outer rim. HE is responsible for enforcing the loose semblance of law that this world has.</baseDesc>
		<skillGains>
			<li><key>Social</key><value>5</value></li>
			<li><key>Shooting</key><value>10</value></li>
			<li><key>Animals</key><value>3</value></li>
			<li><key>Growing</key><value>2</value></li>
		</skillGains>
		<spawnCategories>
			<li>Civil</li>
			<li>Raider</li>
			<li>Slave</li>
			<li>Trader</li>
			<li>Traveler</li>
			<li>FilterSet5</li>
		</spawnCategories>
	</REB_Code.BackstoryDef>

	<REB_Code.BackstoryDef>
		<defName>REBA009</defName>
		<slot>Adulthood</slot>
		<title>Assassin</title>
		<titleShort>Assassin</titleShort>
		<baseDesc>NAME is an urbworld assassin dedicated to eliminating HIS targets. HE has tracked one of them to this rimworld and HE will kill anyone who gets in HIS way.</baseDesc>
		<skillGains>
			<li><key>Melee</key><value>7</value></li>
			<li><key>Shooting</key><value>10</value></li>
			<li><key>Medicine</key><value>3</value></li>
		</skillGains>
		<spawnCategories>
			<li>Civil</li>
			<li>Raider</li>
			<li>Slave</li>
			<li>Trader</li>
			<li>Traveler</li>
			<li>FilterSet4</li>
		</spawnCategories>
	</REB_Code.BackstoryDef>

	<REB_Code.BackstoryDef>
		<defName>REBA010</defName>
		<slot>Adulthood</slot>
		<title>Trapper</title>
		<titleShort>Trapper</titleShort>
		<baseDesc>NAME was a tribal trapper in charge of bringing food to HIS tribe until one day HE was the one who was trapped and sold off to the highest bidder. Now NAME is far from home.</baseDesc>
		<skillGains>
			<li><key>Shooting</key><value>8</value></li>
			<li><key>Crafting</key><value>3</value></li>
			<li><key>Animals</key><value>3</value></li>
			<li><key>Cooking</key><value>6</value></li>
		</skillGains>
		<spawnCategories>
			<li>Civil</li>
			<li>Slave</li>
			<li>Tribal</li>
			<li>FilterSet1</li>
		</spawnCategories>
	</REB_Code.BackstoryDef>

	<REB_Code.BackstoryDef>
		<defName>REBA011</defName>
		<slot>Adulthood</slot>
		<title>Medieval archer</title>
		<titleShort>Medieval archer</titleShort>
		<baseDesc>NAME was a Medieval archer. Tired of war HE hung up HIS bow and snuck aboard a spaceship. Now NAME utilizes HIS talents defending and feeding the outer rim.</baseDesc>
		<skillGains>
			<li><key>Shooting</key><value>8</value></li>
			<li><key>Growing</key><value>4</value></li>
			<li><key>Animals</key><value>3</value></li>
			<li><key>Cooking</key><value>5</value></li>
		</skillGains>
		<spawnCategories>
			<li>Civil</li>
			<li>Raider</li>
			<li>Slave</li>
			<li>Trader</li>
			<li>Traveler</li>
			<li>FilterSet2</li>
		</spawnCategories>
	</REB_Code.BackstoryDef>

	<REB_Code.BackstoryDef>
		<defName>REBA012</defName>
		<slot>Adulthood</slot>
		<title>Drop pod trooper</title>
		<titleShort>Drop pod trooper</titleShort>
		<baseDesc>NAME was a glitterworld drop pod trooper. A machine of death and destruction HE saw the end of many worlds. Now after many years of destroying HE has traveled to the outer rim to help build something.</baseDesc>
		<skillGains>
			<li><key>Shooting</key><value>12</value></li>
			<li><key>Cooking</key><value>1</value></li>
			<li><key>Melee</key><value>2</value></li>
			<li><key>Medicine</key><value>5</value></li>
		</skillGains>
		<spawnCategories>
			<li>Civil</li>
			<li>Raider</li>
			<li>Slave</li>
			<li>Trader</li>
			<li>Traveler</li>
			<li>FilterSet6</li>
		</spawnCategories>
	</REB_Code.BackstoryDef>

	<REB_Code.BackstoryDef>
		<defName>REBA013</defName>
		<slot>Adulthood</slot>
		<title>Medicine man</title>
		<titleShort>Medicine man</titleShort>
		<baseDesc>NAME is a tribal medicine man. HE was exiled from HIS tribe for HIS outlandish ideas and now travels the outer rim healing those HE comes across.</baseDesc>
		<skillGains>
			<li><key>Medicine</key><value>9</value></li>
			<li><key>Growing</key><value>5</value></li>
			<li><key>Crafting</key><value>2</value></li>
			<li><key>Intellectual</key><value>4</value></li>
		</skillGains>
		<spawnCategories>
			<li>Civil</li>
			<li>Slave</li>
			<li>Tribal</li>
			<li>FilterSet1</li>
		</spawnCategories>
	</REB_Code.BackstoryDef>

	<REB_Code.BackstoryDef>
		<defName>REBA014</defName>
		<slot>Adulthood</slot>
		<title>Medieval alchemist</title>
		<titleShort>Medieval alchemist</titleShort>
		<baseDesc>NAME was exiled from HIS lord's court when HE failed to turn lead into gold. Now NAME travels the outer rim searching for a greater understanding of the elements.</baseDesc>
		<skillGains>
			<li><key>Cooking</key><value>2</value></li>
			<li><key>Medicine</key><value>9</value></li>
			<li><key>Crafting</key><value>2</value></li>
			<li><key>Intellectual</key><value>6</value></li>
			<li><key>Mining</key><value>1</value></li>
		</skillGains>
		<spawnCategories>
			<li>Civil</li>
			<li>Raider</li>
			<li>Slave</li>
			<li>Trader</li>
			<li>Traveler</li>
			<li>FilterSet2</li>
		</spawnCategories>
	</REB_Code.BackstoryDef>

	<REB_Code.BackstoryDef>
		<defName>REBA015</defName>
		<slot>Adulthood</slot>
		<title>Glitterworld surgeon</title>
		<titleShort>Glitterworld surgeon</titleShort>
		<baseDesc>NAME was a glitterworld surgeon. HE saved countless lives. However NAME knew that HE could do more good somewhere lacking a doctor with HIS skills, so he traveled to the outer rim to make a real difference.</baseDesc>
		<skillGains>
			<li><key>Medicine</key><value>10</value></li>
			<li><key>Artistic</key><value>8</value></li>
			<li><key>Social</key><value>2</value></li>
		</skillGains>
		<spawnCategories>
			<li>Civil</li>
			<li>Raider</li>
			<li>Slave</li>
			<li>Trader</li>
			<li>Traveler</li>
			<li>FilterSet6</li>
		</spawnCategories>
	</REB_Code.BackstoryDef>

	<REB_Code.BackstoryDef>
		<defName>REBA016</defName>
		<slot>Adulthood</slot>
		<title>Black market butcher</title>
		<titleShort>Black market butcher</titleShort>
		<baseDesc>NAME is a black market butcher. HE deals with reclaiming organs from illegal sources for a variety of purposes. NAME has traveled to the outer rim to avoid the long reach of the law.</baseDesc>
		<skillGains>
			<li><key>Medicine</key><value>8</value></li>
			<li><key>Cooking</key><value>8</value></li>
			<li><key>Melee</key><value>4</value></li>
		</skillGains>
		<spawnCategories>
			<li>Civil</li>
			<li>Raider</li>
			<li>Slave</li>
			<li>Trader</li>
			<li>Traveler</li>
			<li>FilterSet4</li>
		</spawnCategories>
	</REB_Code.BackstoryDef>

	<REB_Code.BackstoryDef>
		<defName>REBA017</defName>
		<slot>Adulthood</slot>
		<title>Field medic</title>
		<titleShort>Field medic</titleShort>
		<baseDesc>NAME is a field medic, able to save lives in even the roughest environments. There are few proper hospitals in the outer rim so NAME has learned to triage and treat patients in the field. Due to the lawlessness of the outer rim HE has also learned how to use a gun.</baseDesc>
		<skillGains>
			<li><key>Medicine</key><value>9</value></li>
			<li><key>Crafting</key><value>2</value></li>
			<li><key>Growing</key><value>3</value></li>
			<li><key>Shooting</key><value>6</value></li>
		</skillGains>
		<spawnCategories>
			<li>Civil</li>
			<li>Raider</li>
			<li>Slave</li>
			<li>Trader</li>
			<li>Traveler</li>
			<li>FilterSet5</li>
		</spawnCategories>
	</REB_Code.BackstoryDef>

	<REB_Code.BackstoryDef>
		<defName>REBA018</defName>
		<slot>Adulthood</slot>
		<title>Fungus cultivator</title>
		<titleShort>Fungus cultivator</titleShort>
		<baseDesc>NAME is fungus cultivator, a grower of food and medicine for his caveworld. HE knows which mushrooms heal, which mushrooms are tasty and which mushrooms kill.</baseDesc>
		<skillGains>
			<li><key>Medicine</key><value>7</value></li>
			<li><key>Growing</key><value>7</value></li>
			<li><key>Intellectual</key><value>4</value></li>
			<li><key>Mining</key><value>2</value></li>
		</skillGains>
		<spawnCategories>
			<li>Civil</li>
			<li>Raider</li>
			<li>Slave</li>
			<li>Trader</li>
			<li>Traveler</li>
			<li>FilterSet3</li>
		</spawnCategories>
	</REB_Code.BackstoryDef>

	<REB_Code.BackstoryDef>
		<defName>REBA019</defName>
		<slot>Adulthood</slot>
		<title>Weaver</title>
		<titleShort>Weaver</titleShort>
		<baseDesc>NAME is a tribal weaver. While HIS crafts are primitive nobody can deny HIS artistic talents.</baseDesc>
		<skillGains>
			<li><key>Growing</key><value>3</value></li>
			<li><key>Crafting</key><value>7</value></li>
			<li><key>Construction</key><value>3</value></li>
			<li><key>Artistic</key><value>7</value></li>
		</skillGains>
		<spawnCategories>
			<li>Civil</li>
			<li>Slave</li>
			<li>Tribal</li>
			<li>FilterSet1</li>
		</spawnCategories>
	</REB_Code.BackstoryDef>

	<REB_Code.BackstoryDef>
		<defName>REBA020</defName>
		<slot>Adulthood</slot>
		<title>Medieval sculptor</title>
		<titleShort>Medieval sculptor</titleShort>
		<baseDesc>NAME is medieval sculptor. HE assists in the building of grand buildings and HIS statues are famous across HIS home world. Now NAME tours the outer rim leaving HIS mark on this wild, untamed place.</baseDesc>
		<skillGains>
			<li><key>Mining</key><value>3</value></li>
			<li><key>Artistic</key><value>10</value></li>
			<li><key>Construction</key><value>7</value></li>
		</skillGains>
		<spawnCategories>
			<li>Civil</li>
			<li>Raider</li>
			<li>Slave</li>
			<li>Trader</li>
			<li>Traveler</li>
			<li>FilterSet2</li>
		</spawnCategories>
	</REB_Code.BackstoryDef>

	<REB_Code.BackstoryDef>
		<defName>REBA021</defName>
		<slot>Adulthood</slot>
		<title>Holographic designer</title>
		<titleShort>Holographic designer</titleShort>
		<baseDesc>NAME is glitterworld holographic designer. HE creates amazing holographic pieces of art that are famous across the galaxy. Looking for inspiration NAME has traveled to the outer rim.</baseDesc>
		<skillGains>
			<li><key>Crafting</key><value>3</value></li>
			<li><key>Artistic</key><value>12</value></li>
			<li><key>Intellectual</key><value>5</value></li>
		</skillGains>
		<spawnCategories>
			<li>Civil</li>
			<li>Raider</li>
			<li>Slave</li>
			<li>Trader</li>
			<li>Traveler</li>
			<li>FilterSet6</li>
		</spawnCategories>
	</REB_Code.BackstoryDef>

	<REB_Code.BackstoryDef>
		<defName>REBA022</defName>
		<slot>Adulthood</slot>
		<title>Graffiti artist</title>
		<titleShort>Graffiti artist</titleShort>
		<baseDesc>NAME is an urbworld graffiti artist. HE is almost as skilled with a gun as HE is with a spray-can as tagging rival territory is dangerous business. NAME has decided to leave his mark on the outer rim.</baseDesc>
		<skillGains>
			<li><key>Crafting</key><value>2</value></li>
			<li><key>Artistic</key><value>9</value></li>
			<li><key>Shooting</key><value>6</value></li>
			<li><key>Melee</key><value>3</value></li>
		</skillGains>
		<spawnCategories>
			<li>Civil</li>
			<li>Raider</li>
			<li>Slave</li>
			<li>Trader</li>
			<li>Traveler</li>
			<li>FilterSet4</li>
		</spawnCategories>
	</REB_Code.BackstoryDef>

	<REB_Code.BackstoryDef>
		<defName>REBA023</defName>
		<slot>Adulthood</slot>
		<title>Taxidermist</title>
		<titleShort>Taxidermist</titleShort>
		<baseDesc>NAME is an taxidermist in the outer rim. HE takes animal carcasses and turns them into stunning works of art.</baseDesc>
		<skillGains>
			<li><key>Artistic</key><value>8</value></li>
			<li><key>Shooting</key><value>3</value></li>
			<li><key>Medicine</key><value>2</value></li>
			<li><key>Animals</key><value>7</value></li>
		</skillGains>
		<spawnCategories>
			<li>Civil</li>
			<li>Raider</li>
			<li>Slave</li>
			<li>Trader</li>
			<li>Traveler</li>
			<li>FilterSet5</li>
		</spawnCategories>
	</REB_Code.BackstoryDef>

	<REB_Code.BackstoryDef>
		<defName>REBA024</defName>
		<slot>Adulthood</slot>
		<title>Cave painter</title>
		<titleShort>Cave painter</titleShort>
		<baseDesc>NAME is a cave painter. HE spent HIS time creating brilliant pieces of art on his caveworld. However only very few of the inhabitants of his home world has an appreciation for art. NAME left for the outer rim to seize the acknowledgment for HIS craft HE has always known HE deserves.</baseDesc>
		<skillGains>
			<li><key>Artistic</key><value>9</value></li>
			<li><key>Crafting</key><value>3</value></li>
			<li><key>Mining</key><value>5</value></li>
			<li><key>Intellectual</key><value>3</value></li>
		</skillGains>
		<spawnCategories>
			<li>Civil</li>
			<li>Raider</li>
			<li>Slave</li>
			<li>Trader</li>
			<li>Traveler</li>
			<li>FilterSet3</li>
		</spawnCategories>
	</REB_Code.BackstoryDef>
	
	<REB_Code.BackstoryDef>
		<defName>REBA025</defName>
		<slot>Adulthood</slot>
		<title>Hunter and gatherer</title>
		<titleShort>Hunter and gatherer</titleShort>
		<baseDesc>NAME was a hunter and gatherer responsible for supplying HIS tribe with a diverse range of foods. One day HE returned to find HIS people slaughtered by raiders. Now NAME seeks vengeance.</baseDesc>
		<skillGains>
			<li><key>Growing</key><value>5</value></li>
			<li><key>Animals</key><value>5</value></li>
			<li><key>Shooting</key><value>5</value></li>
			<li><key>Melee</key><value>5</value></li>
		</skillGains>
		<spawnCategories>
			<li>Civil</li>
			<li>Slave</li>
			<li>Tribal</li>
			<li>FilterSet1</li>
		</spawnCategories>
	</REB_Code.BackstoryDef>
	
	<REB_Code.BackstoryDef>
		<defName>REBA026</defName>
		<slot>Adulthood</slot>
		<title>Medieval farmer</title>
		<titleShort>Medieval farmer</titleShort>
		<baseDesc>NAME was a medieval farmer. Although HE was a very capable grower NAME always knew that HE was destined for more. Now HE lends HIS hands in taming the wild outer rim.</baseDesc>
		<skillGains>
			<li><key>Crafting</key><value>1</value></li>
			<li><key>Growing</key><value>9</value></li>
			<li><key>Animals</key><value>6</value></li>
			<li><key>Cooking</key><value>4</value></li>
		</skillGains>
		<spawnCategories>
			<li>Civil</li>
			<li>Raider</li>
			<li>Slave</li>
			<li>Trader</li>
			<li>Traveler</li>
			<li>FilterSet2</li>
		</spawnCategories>
	</REB_Code.BackstoryDef>

	<REB_Code.BackstoryDef>
		<defName>REBA027</defName>
		<slot>Adulthood</slot>
		<title>Horticulture expert</title>
		<titleShort>Horticulture expert</titleShort>
		<baseDesc>NAME was a horticulture expert on HIS glitterworld. Creating gardens was as much an art-form there as a practical pursuit. Now NAME seeks to spread beauty and greenery across the outer rim.</baseDesc>
		<skillGains>
			<li><key>Growing</key><value>10</value></li>
			<li><key>Cooking</key><value>1</value></li>
			<li><key>Artistic</key><value>7</value></li>
			<li><key>Medicine</key><value>2</value></li>
		</skillGains>
		<spawnCategories>
			<li>Civil</li>
			<li>Raider</li>
			<li>Slave</li>
			<li>Trader</li>
			<li>Traveler</li>
			<li>FilterSet6</li>
		</spawnCategories>
	</REB_Code.BackstoryDef>
	
	<REB_Code.BackstoryDef>
		<defName>REBA028</defName>
		<slot>Adulthood</slot>
		<title>Smokeleaf cultivator</title>
		<titleShort>Smokeleaf cultivator</titleShort>
		<baseDesc>NAME was one of the best smokeleaf cultivators on HIS crowded urbworld. Eventually a rival organization threatened his life and he fled to the outer rim.</baseDesc>
		<skillGains>
			<li><key>Growing</key><value>10</value></li>
			<li><key>Medicine</key><value>4</value></li>
			<li><key>Crafting</key><value>4</value></li>
			<li><key>Construction</key><value>2</value></li>
		</skillGains>
		<spawnCategories>
			<li>Civil</li>
			<li>Raider</li>
			<li>Slave</li>
			<li>Trader</li>
			<li>Traveler</li>
			<li>FilterSet4</li>
		</spawnCategories>
	</REB_Code.BackstoryDef>

	<REB_Code.BackstoryDef>
		<defName>REBA029</defName>
		<slot>Adulthood</slot>
		<title>Frontier farmer</title>
		<titleShort>Frontier farmer</titleShort>
		<baseDesc>Farming the outer rim is as dangerous an occupation as any. NAME has survived animal attacks, raiders and crop failures. HE continues to try to eek out a living on this harsh planet.</baseDesc>
		<skillGains>
			<li><key>Growing</key><value>8</value></li>
			<li><key>Animals</key><value>8</value></li>
			<li><key>Cooking</key><value>4</value></li>
		</skillGains>
		<spawnCategories>
			<li>Civil</li>
			<li>Raider</li>
			<li>Slave</li>
			<li>Trader</li>
			<li>Traveler</li>
			<li>FilterSet5</li>
		</spawnCategories>
	</REB_Code.BackstoryDef>

	<REB_Code.BackstoryDef>
		<defName>REBA030</defName>
		<slot>Adulthood</slot>
		<title>Bug breeder</title>
		<titleShort>Bug breeder</titleShort>
		<baseDesc>Farms on a caveworld look very different to farms on most other worlds. Caveworld growers like NAME need to be able to grow a large variety of lichens and mosses to breed bugs for protein. NAME has decided to explore the outer rim to find new plants and insects to take back to HIS home world one day.</baseDesc>
		<skillGains>
			<li><key>Growing</key><value>7</value></li>
			<li><key>Animals</key><value>7</value></li>
			<li><key>Cooking</key><value>3</value></li>
			<li><key>Melee</key><value>3</value></li>
		</skillGains>
		<spawnCategories>
			<li>Civil</li>
			<li>Raider</li>
			<li>Slave</li>
			<li>Trader</li>
			<li>Traveler</li>
			<li>FilterSet3</li>
		</spawnCategories>
	</REB_Code.BackstoryDef>

	<REB_Code.BackstoryDef>
		<defName>REBA031</defName>
		<slot>Adulthood</slot>
		<title>Tribal scout</title>
		<titleShort>Tribal scout</titleShort>
		<baseDesc>NAME is a tribal scout. HE is responsible for searching out new lands and new ideas, before bringing them back to the tribe. HE has learned a variety of skills to act independently while away from HIS tribe. One day NAME will return to HIS tribal world with HIS new knowledge.</baseDesc>
		<skillGains>
			<li><key>Shooting</key><value>5</value></li>
			<li><key>Intellectual</key><value>5</value></li>
			<li><key>Growing</key><value>3</value></li>
			<li><key>Medicine</key><value>3</value></li>
			<li><key>Social</key><value>3</value></li>
			<li><key>Construction</key><value>1</value></li>
		</skillGains>
		<spawnCategories>
			<li>Civil</li>
			<li>Slave</li>
			<li>Tribal</li>
			<li>FilterSet1</li>
		</spawnCategories>
	</REB_Code.BackstoryDef>

	<REB_Code.BackstoryDef>
		<defName>REBA032</defName>
		<slot>Adulthood</slot>
		<title>Medieval inventor</title>
		<titleShort>Medieval inventor</titleShort>
		<baseDesc>NAME constantly pushed the boundaries of scientific achievement on HIS home world, inventing many ingenious contraptions. Eventually though HE knew that in order to learn more he would have to pack up HIS workshop and travel the stars. Now NAME experiments in the outer rim.</baseDesc>
		<skillGains>
			<li><key>Intellectual</key><value>9</value></li>
			<li><key>Crafting</key><value>7</value></li>
			<li><key>Cooking</key><value>2</value></li>
			<li><key>Mining</key><value>2</value></li>
		</skillGains>
		<spawnCategories>
			<li>Civil</li>
			<li>Raider</li>
			<li>Slave</li>
			<li>Trader</li>
			<li>Traveler</li>
			<li>FilterSet2</li>
		</spawnCategories>
	</REB_Code.BackstoryDef>

	<REB_Code.BackstoryDef>
		<defName>REBA033</defName>
		<slot>Adulthood</slot>
		<title>Theoretical scientist</title>
		<titleShort>Theoretical scientist</titleShort>
		<baseDesc>NAME has a very deep knowledge of complex scientific concepts. A true genius, HE has decided that in order to further HIS knowledge HE needs to explore the very limits of civilization. Whether NAME will survive or not, only time will tell.</baseDesc>
		<skillGains>
			<li><key>Intellectual</key><value>10</value></li>
			<li><key>Artistic</key><value>7</value></li>
			<li><key>Crafting</key><value>3</value></li>
		</skillGains>
		<spawnCategories>
			<li>Civil</li>
			<li>Raider</li>
			<li>Slave</li>
			<li>Trader</li>
			<li>Traveler</li>
			<li>FilterSet6</li>
		</spawnCategories>
	</REB_Code.BackstoryDef>

	<REB_Code.BackstoryDef>
		<defName>REBA034</defName>
		<slot>Adulthood</slot>
		<title>Chemist</title>
		<titleShort>Chemist</titleShort>
		<baseDesc>NAME was responsible for the creation of many medical and recreational drugs on HIS crowded urbworld. Eventually NAME decided to explore the outer rim to find even more potent reagents for HIS concoctions.</baseDesc>
		<skillGains>
			<li><key>Intellectual</key><value>10</value></li>
			<li><key>Medicine</key><value>7</value></li>
			<li><key>Cooking</key><value>3</value></li>
		</skillGains>
		<spawnCategories>
			<li>Civil</li>
			<li>Raider</li>
			<li>Slave</li>
			<li>Trader</li>
			<li>Traveler</li>
			<li>FilterSet4</li>
		</spawnCategories>
	</REB_Code.BackstoryDef>

	<REB_Code.BackstoryDef>
		<defName>REBA035</defName>
		<slot>Adulthood</slot>
		<title>Tinkerer</title>
		<titleShort>Tinkerer</titleShort>
		<baseDesc>The resources required to fabricate new technology are sometimes hard to come by in the outer rim. NAME takes existing inventions and tinkers with them to discover improvements. HE has almost blown HIMself up on multiple occasions.</baseDesc>
		<skillGains>
			<li><key>Crafting</key><value>10</value></li>
			<li><key>Intellectual</key><value>7</value></li>
			<li><key>Construction</key><value>3</value></li>
		</skillGains>
		<spawnCategories>
			<li>Civil</li>
			<li>Raider</li>
			<li>Slave</li>
			<li>Trader</li>
			<li>Traveler</li>
			<li>FilterSet5</li>
		</spawnCategories>
	</REB_Code.BackstoryDef>

	<REB_Code.BackstoryDef>
		<defName>REBA036</defName>
		<slot>Adulthood</slot>
		<title>Geologist</title>
		<titleShort>Geologist</titleShort>
		<baseDesc>NAME was responsible for researching the different rock and mineral types on HIS caveworld. Now HE explores the geology of the outer rim.</baseDesc>
		<skillGains>
			<li><key>Intellectual</key><value>10</value></li>
			<li><key>Mining</key><value>7</value></li>
			<li><key>Melee</key><value>3</value></li>
		</skillGains>
		<spawnCategories>
			<li>Civil</li>
			<li>Raider</li>
			<li>Slave</li>
			<li>Trader</li>
			<li>Traveler</li>
			<li>FilterSet5</li>
		</spawnCategories>
	</REB_Code.BackstoryDef>

	<REB_Code.BackstoryDef>
		<defName>REBA037</defName>
		<slot>Adulthood</slot>
		<title>Digger</title>
		<titleShort>Digger</titleShort>
		<baseDesc>NAME was a tribal digger. HE was responsible for moving large amounts of earth in order to create primitive buildings or farmland.</baseDesc>
		<skillGains>
			<li><key>Mining</key><value>10</value></li>
			<li><key>Growing</key><value>3</value></li>
			<li><key>Construction</key><value>7</value></li>
		</skillGains>
		<spawnCategories>
			<li>Civil</li>
			<li>Slave</li>
			<li>Tribal</li>
			<li>FilterSet1</li>
		</spawnCategories>
	</REB_Code.BackstoryDef>

	<REB_Code.BackstoryDef>
		<defName>REBA038</defName>
		<slot>Adulthood</slot>
		<title>Medieval miner</title>
		<titleShort>Medieval miner</titleShort>
		<baseDesc>NAME was a miner on his medieval home world. HE is comfortable deep within the earth, pick in hand. NAME has traveled to the outer rim to strike it rich.</baseDesc>
		<skillGains>
			<li><key>Construction</key><value>2</value></li>
			<li><key>Mining</key><value>11</value></li>
			<li><key>Melee</key><value>7</value></li>
		</skillGains>
		<spawnCategories>
			<li>Civil</li>
			<li>Raider</li>
			<li>Slave</li>
			<li>Trader</li>
			<li>Traveler</li>
			<li>FilterSet2</li>
		</spawnCategories>
	</REB_Code.BackstoryDef>

	<REB_Code.BackstoryDef>
		<defName>REBA039</defName>
		<slot>Adulthood</slot>
		<title>Asteroid excavator</title>
		<titleShort>Asteroid excavator</titleShort>
		<baseDesc>NAME was an asteroid excavator, shattering asteroids for HIS glitterworld to get to the precious resources inside. Now NAME uses HIS knowledge of minerals to exploit planets on the outer rim.</baseDesc>
		<skillGains>
			<li><key>Shooting</key><value>3</value></li>
			<li><key>Mining</key><value>12</value></li>
			<li><key>Intellectual</key><value>5</value></li>
		</skillGains>
		<spawnCategories>
			<li>Civil</li>
			<li>Raider</li>
			<li>Slave</li>
			<li>Trader</li>
			<li>Traveler</li>
			<li>FilterSet6</li>
		</spawnCategories>
	</REB_Code.BackstoryDef>

	<REB_Code.BackstoryDef>
		<defName>REBA040</defName>
		<slot>Adulthood</slot>
		<title>Sewer runner</title>
		<titleShort>Sewer runner</titleShort>
		<baseDesc>NAME was a sewer runner on HIS crowded urbworld. HE ran through the underground tunnels underneath the cities exploring. Now HE uses HIS talents to help explore the outer rim.</baseDesc>
		<skillGains>
			<li><key>Shooting</key><value>3</value></li>
			<li><key>Mining</key><value>9</value></li>
			<li><key>Intellectual</key><value>3</value></li>
			<li><key>Melee</key><value>5</value></li>
		</skillGains>
		<spawnCategories>
			<li>Civil</li>
			<li>Raider</li>
			<li>Slave</li>
			<li>Trader</li>
			<li>Traveler</li>
			<li>FilterSet4</li>
		</spawnCategories>
	</REB_Code.BackstoryDef>

	<REB_Code.BackstoryDef>
		<defName>REBA041</defName>
		<slot>Adulthood</slot>
		<title>Prospector</title>
		<titleShort>Prospector</titleShort>
		<baseDesc>NAME is a prospector of the outer rim. HIS job is to find and exploit valuable mineral deposits.</baseDesc>
		<skillGains>
			<li><key>Shooting</key><value>5</value></li>
			<li><key>Mining</key><value>9</value></li>
			<li><key>Intellectual</key><value>3</value></li>
			<li><key>Construction</key><value>3</value></li>
		</skillGains>
		<spawnCategories>
			<li>Civil</li>
			<li>Raider</li>
			<li>Slave</li>
			<li>Trader</li>
			<li>Traveler</li>
			<li>FilterSet5</li>
		</spawnCategories>
	</REB_Code.BackstoryDef>

	<REB_Code.BackstoryDef>
		<defName>REBA042</defName>
		<slot>Adulthood</slot>
		<title>Tunneler</title>
		<titleShort>Tunneler</titleShort>
		<baseDesc>NAME was a tunneler on his caveworld home. HE was a natural at tunneling beneath the surface and scouting out valuable minerals. Now NAME lends his experience to colonies on the outer rim for coin.</baseDesc>
		<skillGains>
			<li><key>Mining</key><value>10</value></li>
			<li><key>Melee</key><value>5</value></li>
			<li><key>Construction</key><value>5</value></li>
		</skillGains>
		<spawnCategories>
			<li>Civil</li>
			<li>Raider</li>
			<li>Slave</li>
			<li>Trader</li>
			<li>Traveler</li>
			<li>FilterSet3</li>
		</spawnCategories>
	</REB_Code.BackstoryDef>

	<REB_Code.BackstoryDef>
		<defName>REBA043</defName>
		<slot>Adulthood</slot>
		<title>Fire tender</title>
		<titleShort>Fire tender</titleShort>
		<baseDesc>NAME was a tribal fire tender. The position of fire tender is highly valued in tribal society for fires multitude of uses.</baseDesc>
		<skillGains>
			<li><key>Cooking</key><value>9</value></li>
			<li><key>Medicine</key><value>5</value></li>
			<li><key>Intellectual</key><value>3</value></li>
			<li><key>Crafting</key><value>3</value></li>
		</skillGains>
		<spawnCategories>
			<li>Civil</li>
			<li>Slave</li>
			<li>Tribal</li>
			<li>FilterSet1</li>
		</spawnCategories>
	</REB_Code.BackstoryDef>

	<REB_Code.BackstoryDef>
		<defName>REBA044</defName>
		<slot>Adulthood</slot>
		<title>Medieval butcher</title>
		<titleShort>Medieval butcher</titleShort>
		<baseDesc>NAME was a medieval butcher. HE knows HIS way around a cleaver which is both useful in the kitchen and on the battlefield.</baseDesc>
		<skillGains>
			<li><key>Cooking</key><value>9</value></li>
			<li><key>Melee</key><value>3</value></li>
			<li><key>Medicine</key><value>3</value></li>
			<li><key>Animals</key><value>5</value></li>
		</skillGains>
		<spawnCategories>
			<li>Civil</li>
			<li>Raider</li>
			<li>Slave</li>
			<li>Trader</li>
			<li>Traveler</li>
			<li>FilterSet2</li>
		</spawnCategories>
	</REB_Code.BackstoryDef>

	<REB_Code.BackstoryDef>
		<defName>REBA045</defName>
		<slot>Adulthood</slot>
		<title>Gastronomical artisan</title>
		<titleShort>Gastronomical artisan</titleShort>
		<baseDesc>NAME was a gastronomical artisan. HE turned cooking into an art form on HIS glitterworld home.</baseDesc>
		<skillGains>
			<li><key>Cooking</key><value>10</value></li>
			<li><key>Artistic</key><value>5</value></li>
			<li><key>Social</key><value>3</value></li>
			<li><key>Growing</key><value>2</value></li>
		</skillGains>
		<spawnCategories>
			<li>Civil</li>
			<li>Raider</li>
			<li>Slave</li>
			<li>Trader</li>
			<li>Traveler</li>
			<li>FilterSet6</li>
		</spawnCategories>
	</REB_Code.BackstoryDef>

	<REB_Code.BackstoryDef>
		<defName>REBA046</defName>
		<slot>Adulthood</slot>
		<title>Brewer</title>
		<titleShort>Brewer</titleShort>
		<baseDesc>NAME was an urbworld brewer. HE knows how to make a variety of different alcoholic beverages, a highly sought after skill in the outer rim.</baseDesc>
		<skillGains>
			<li><key>Cooking</key><value>8</value></li>
			<li><key>Medicine</key><value>5</value></li>
			<li><key>Crafting</key><value>2</value></li>
			<li><key>Growing</key><value>5</value></li>
		</skillGains>
		<spawnCategories>
			<li>Civil</li>
			<li>Raider</li>
			<li>Slave</li>
			<li>Trader</li>
			<li>Traveler</li>
			<li>FilterSet4</li>
		</spawnCategories>
	</REB_Code.BackstoryDef>

	<REB_Code.BackstoryDef>
		<defName>REBA047</defName>
		<slot>Adulthood</slot>
		<title>Frontier chef</title>
		<titleShort>Frontier chef</titleShort>
		<baseDesc>NAME is a frontier chef in the outer rim. HE cooks delicious meals, just don't ask what's in them!</baseDesc>
		<skillGains>
			<li><key>Cooking</key><value>9</value></li>
			<li><key>Shooting</key><value>4</value></li>
			<li><key>Animals</key><value>3</value></li>
			<li><key>Growing</key><value>3</value></li>
			<li><key>Social</key><value>1</value></li>
		</skillGains>
		<spawnCategories>
			<li>Civil</li>
			<li>Raider</li>
			<li>Slave</li>
			<li>Trader</li>
			<li>Traveler</li>
			<li>FilterSet5</li>
		</spawnCategories>
	</REB_Code.BackstoryDef>

	<REB_Code.BackstoryDef>
		<defName>REBA048</defName>
		<slot>Adulthood</slot>
		<title>Nutrient paste cook</title>
		<titleShort>Nutrient paste cook</titleShort>
		<baseDesc>NAME was a nutrient paste cook for HIS caveworld home. HE knows how to cook meals from limited ingredients that while not delicious can sustain a person.</baseDesc>
		<skillGains>
			<li><key>Cooking</key><value>8</value></li>
			<li><key>Intellectual</key><value>5</value></li>
			<li><key>Crafting</key><value>5</value></li>
			<li><key>Medicine</key><value>2</value></li>
		</skillGains>
		<spawnCategories>
			<li>Civil</li>
			<li>Raider</li>
			<li>Slave</li>
			<li>Trader</li>
			<li>Traveler</li>
			<li>FilterSet3</li>
		</spawnCategories>
	</REB_Code.BackstoryDef>

	<REB_Code.BackstoryDef>
		<defName>REBA049</defName>
		<slot>Adulthood</slot>
		<title>Hut maker</title>
		<titleShort>Hut maker</titleShort>
		<baseDesc>NAME was a tribal hut maker. HE explores the rimworld in the search of better building techniques for HIS tribe.</baseDesc>
		<skillGains>
			<li><key>Construction</key><value>9</value></li>
			<li><key>Social</key><value>5</value></li>
			<li><key>Growing</key><value>3</value></li>
			<li><key>Crafting</key><value>3</value></li>
		</skillGains>
		<spawnCategories>
			<li>Civil</li>
			<li>Slave</li>
			<li>Tribal</li>
			<li>FilterSet1</li>
		</spawnCategories>
	</REB_Code.BackstoryDef>

	<REB_Code.BackstoryDef>
		<defName>REBA050</defName>
		<slot>Adulthood</slot>
		<title>Medieval mason</title>
		<titleShort>Medieval mason</titleShort>
		<baseDesc>NAME was a medieval mason. HE knows how to construct beautiful stone structures.</baseDesc>
		<skillGains>
			<li><key>Construction</key><value>10</value></li>
			<li><key>Artistic</key><value>6</value></li>
			<li><key>Crafting</key><value>1</value></li>
			<li><key>Mining</key><value>3</value></li>
		</skillGains>
		<spawnCategories>
			<li>Civil</li>
			<li>Raider</li>
			<li>Slave</li>
			<li>Trader</li>
			<li>Traveler</li>
			<li>FilterSet2</li>
		</spawnCategories>
	</REB_Code.BackstoryDef>

	<REB_Code.BackstoryDef>
		<defName>REBA051</defName>
		<slot>Adulthood</slot>
		<title>High rise architect</title>
		<titleShort>High rise architect</titleShort>
		<baseDesc>NAME was a high rise architect. HE has an excellent knowledge of engineering.</baseDesc>
		<skillGains>
			<li><key>Construction</key><value>12</value></li>
			<li><key>Artistic</key><value>6</value></li>
			<li><key>Social</key><value>2</value></li>
		</skillGains>
		<spawnCategories>
			<li>Civil</li>
			<li>Raider</li>
			<li>Slave</li>
			<li>Trader</li>
			<li>Traveler</li>
			<li>FilterSet6</li>
		</spawnCategories>
	</REB_Code.BackstoryDef>

	<REB_Code.BackstoryDef>
		<defName>REBA052</defName>
		<slot>Adulthood</slot>
		<title>Urban planner</title>
		<titleShort>Urban planner</titleShort>
		<baseDesc>NAME was an urban planner. HE has an excellent knowledge of construction.</baseDesc>
		<skillGains>
			<li><key>Construction</key><value>12</value></li>
			<li><key>Artistic</key><value>3</value></li>
			<li><key>Social</key><value>5</value></li>
		</skillGains>
		<spawnCategories>
			<li>Civil</li>
			<li>Raider</li>
			<li>Slave</li>
			<li>Trader</li>
			<li>Traveler</li>
			<li>FilterSet4</li>
		</spawnCategories>
	</REB_Code.BackstoryDef>

	<REB_Code.BackstoryDef>
		<defName>REBA053</defName>
		<slot>Adulthood</slot>
		<title>Settler</title>
		<titleShort>Settler</titleShort>
		<baseDesc>NAME is a settler on the outer rim. HE knows a variety of useful skills needed to tame this wild land.</baseDesc>
		<skillGains>
			<li><key>Construction</key><value>7</value></li>
			<li><key>Growing</key><value>7</value></li>
			<li><key>Animals</key><value>5</value></li>
			<li><key>Crafting</key><value>1</value></li>			
		</skillGains>
		<spawnCategories>
			<li>Civil</li>
			<li>Raider</li>
			<li>Slave</li>
			<li>Trader</li>
			<li>Traveler</li>
			<li>FilterSet5</li>
		</spawnCategories>
	</REB_Code.BackstoryDef>

	<REB_Code.BackstoryDef>
		<defName>REBA054</defName>
		<slot>Adulthood</slot>
		<title>Warren builder</title>
		<titleShort>Warren builder</titleShort>
		<baseDesc>NAME was a warren builder on his caveworld home. HE knows how to dig homes out of the very earth.</baseDesc>
		<skillGains>
			<li><key>Construction</key><value>9</value></li>
			<li><key>Mining</key><value>6</value></li>
			<li><key>Social</key><value>5</value></li>
		</skillGains>
		<spawnCategories>
			<li>Civil</li>
			<li>Raider</li>
			<li>Slave</li>
			<li>Trader</li>
			<li>Traveler</li>
			<li>FilterSet3</li>
		</spawnCategories>
	</REB_Code.BackstoryDef>

	<REB_Code.BackstoryDef>
		<defName>REBA055</defName>
		<slot>Adulthood</slot>
		<title>Tool maker</title>
		<titleShort>Tool maker</titleShort>
		<baseDesc>NAME was a tribal tool maker. HE has the knowledge to create useful tools.</baseDesc>
		<skillGains>
			<li><key>Mining</key><value>4</value></li>
			<li><key>Animals</key><value>4</value></li>
			<li><key>Growing</key><value>4</value></li>
			<li><key>Crafting</key><value>8</value></li>
		</skillGains>
		<spawnCategories>
			<li>Civil</li>
			<li>Slave</li>
			<li>Tribal</li>
			<li>FilterSet1</li>
		</spawnCategories>
	</REB_Code.BackstoryDef>

	<REB_Code.BackstoryDef>
		<defName>REBA056</defName>
		<slot>Adulthood</slot>
		<title>Medieval blacksmith</title>
		<titleShort>Medieval blacksmith</titleShort>
		<baseDesc>NAME is a medieval blacksmith. HE knows how to forge both weapons and armor.</baseDesc>
		<skillGains>
			<li><key>Construction</key><value>2</value></li>
			<li><key>Mining</key><value>6</value></li>
			<li><key>Crafting</key><value>9</value></li>
			<li><key>Melee</key><value>3</value></li>
		</skillGains>
		<spawnCategories>
			<li>Civil</li>
			<li>Raider</li>
			<li>Slave</li>
			<li>Trader</li>
			<li>Traveler</li>
			<li>FilterSet2</li>
		</spawnCategories>
	</REB_Code.BackstoryDef>

	<REB_Code.BackstoryDef>
		<defName>REBA057</defName>
		<slot>Adulthood</slot>
		<title>Roboticist</title>
		<titleShort>Roboticist</titleShort>
		<baseDesc>NAME was a roboticist. HE worked on creating complex robots for a variety of different purposes.</baseDesc>
		<skillGains>
			<li><key>Artistic</key><value>2</value></li>
			<li><key>Social</key><value>2</value></li>
			<li><key>Crafting</key><value>9</value></li>
			<li><key>Intellectual</key><value>7</value></li>
		</skillGains>
		<spawnCategories>
			<li>Civil</li>
			<li>Raider</li>
			<li>Slave</li>
			<li>Trader</li>
			<li>Traveler</li>
			<li>FilterSet6</li>
		</spawnCategories>
	</REB_Code.BackstoryDef>

	<REB_Code.BackstoryDef>
		<defName>REBA058</defName>
		<slot>Adulthood</slot>
		<title>Forger</title>
		<titleShort>Forger</titleShort>
		<baseDesc>NAME was an urbworld forger. HE can forge a variety of different goods.</baseDesc>
		<skillGains>
			<li><key>Artistic</key><value>6</value></li>
			<li><key>Social</key><value>7</value></li>
			<li><key>Crafting</key><value>7</value></li>
		</skillGains>
		<spawnCategories>
			<li>Civil</li>
			<li>Raider</li>
			<li>Slave</li>
			<li>Trader</li>
			<li>Traveler</li>
			<li>FilterSet4</li>
		</spawnCategories>
	</REB_Code.BackstoryDef>

	<REB_Code.BackstoryDef>
		<defName>REBA059</defName>
		<slot>Adulthood</slot>
		<title>Gunsmith</title>
		<titleShort>Gunsmith</titleShort>
		<baseDesc>NAME is a gunsmith. HE can forge a variety of different guns.</baseDesc>
		<skillGains>
			<li><key>Mining</key><value>3</value></li>
			<li><key>Intellectual</key><value>3</value></li>
			<li><key>Shooting</key><value>7</value></li>
			<li><key>Crafting</key><value>7</value></li>
		</skillGains>
		<spawnCategories>
			<li>Civil</li>
			<li>Raider</li>
			<li>Slave</li>
			<li>Trader</li>
			<li>Traveler</li>
			<li>FilterSet5</li>
		</spawnCategories>
	</REB_Code.BackstoryDef>

	<REB_Code.BackstoryDef>
		<defName>REBA060</defName>
		<slot>Adulthood</slot>
		<title>Artificer</title>
		<titleShort>Artificer</titleShort>
		<baseDesc>NAME is a caveworld artificer. HE can create a variety of different tools and weapons out of exotic materials.</baseDesc>
		<skillGains>
			<li><key>Mining</key><value>2</value></li>
			<li><key>Intellectual</key><value>6</value></li>
			<li><key>Artistic</key><value>5</value></li>
			<li><key>Crafting</key><value>7</value></li>
		</skillGains>
		<spawnCategories>
			<li>Civil</li>
			<li>Raider</li>
			<li>Slave</li>
			<li>Trader</li>
			<li>Traveler</li>
			<li>FilterSet3</li>
		</spawnCategories>
	</REB_Code.BackstoryDef>

	<REB_Code.BackstoryDef>
		<defName>REBA061</defName>
		<slot>Adulthood</slot>
		<title>Herder</title>
		<titleShort>Herder</titleShort>
		<baseDesc>NAME was a tribal herder. HE knows how to tame and take care of animals.</baseDesc>
		<skillGains>
			<li><key>Cooking</key><value>6</value></li>
			<li><key>Animals</key><value>10</value></li>
			<li><key>Growing</key><value>3</value></li>
			<li><key>Melee</key><value>1</value></li>
		</skillGains>
		<spawnCategories>
			<li>Civil</li>
			<li>Slave</li>
			<li>Tribal</li>
			<li>FilterSet1</li>
		</spawnCategories>
	</REB_Code.BackstoryDef>

	<REB_Code.BackstoryDef>
		<defName>REBA062</defName>
		<slot>Adulthood</slot>
		<title>Stable master</title>
		<titleShort>Stable master</titleShort>
		<baseDesc>NAME was a medieval stable master. HE knows how to breed and take care of animals.</baseDesc>
		<skillGains>
			<li><key>Animals</key><value>9</value></li>
			<li><key>Growing</key><value>3</value></li>
			<li><key>Medicine</key><value>3</value></li>
			<li><key>Crafting</key><value>3</value></li>
			<li><key>Social</key><value>2</value></li>
		</skillGains>
		<spawnCategories>
			<li>Civil</li>
			<li>Raider</li>
			<li>Slave</li>
			<li>Trader</li>
			<li>Traveler</li>
			<li>FilterSet2</li>
		</spawnCategories>
	</REB_Code.BackstoryDef>

	<REB_Code.BackstoryDef>
		<defName>REBA063</defName>
		<slot>Adulthood</slot>
		<title>Zoologist</title>
		<titleShort>Zoologist</titleShort>
		<baseDesc>NAME is a glitterworld zoologist. HE wanders the outer rim documenting the various exotic animals.</baseDesc>
		<skillGains>
			<li><key>Animals</key><value>10</value></li>
			<li><key>Intellectual</key><value>5</value></li>
			<li><key>Medicine</key><value>5</value></li>
		</skillGains>
		<spawnCategories>
			<li>Civil</li>
			<li>Raider</li>
			<li>Slave</li>
			<li>Trader</li>
			<li>Traveler</li>
			<li>FilterSet6</li>
		</spawnCategories>
	</REB_Code.BackstoryDef>

	<REB_Code.BackstoryDef>
		<defName>REBA064</defName>
		<slot>Adulthood</slot>
		<title>Illegal breeder</title>
		<titleShort>Illegal breeder</titleShort>
		<baseDesc>NAME was an illegal urbworld breeder. HE bred exotic and dangerous animals for a premium.</baseDesc>
		<skillGains>
			<li><key>Animals</key><value>9</value></li>
			<li><key>Social</key><value>6</value></li>
			<li><key>Cooking</key><value>5</value></li>
		</skillGains>
		<spawnCategories>
			<li>Civil</li>
			<li>Raider</li>
			<li>Slave</li>
			<li>Trader</li>
			<li>Traveler</li>
			<li>FilterSet4</li>
		</spawnCategories>
	</REB_Code.BackstoryDef>

	<REB_Code.BackstoryDef>
		<defName>REBA065</defName>
		<slot>Adulthood</slot>
		<title>Rancher</title>
		<titleShort>Rancher</titleShort>
		<baseDesc>NAME is an outer rim rancher. HE breeds and takes care of exotic rimworld animals.</baseDesc>
		<skillGains>
			<li><key>Animals</key><value>10</value></li>
			<li><key>Shooting</key><value>5</value></li>
			<li><key>Medicine</key><value>4</value></li>
			<li><key>Growing</key><value>1</value></li>
		</skillGains>
		<spawnCategories>
			<li>Civil</li>
			<li>Raider</li>
			<li>Slave</li>
			<li>Trader</li>
			<li>Traveler</li>
			<li>FilterSet5</li>
		</spawnCategories>
	</REB_Code.BackstoryDef>

	<REB_Code.BackstoryDef>
		<defName>REBA066</defName>
		<slot>Adulthood</slot>
		<title>Mole rat farmer</title>
		<titleShort>Mole rat farmer</titleShort>
		<baseDesc>NAME was a caveworld mole rat farmer. HE bred moles in the depths of the earth to feed HIS people.</baseDesc>
		<skillGains>
			<li><key>Animals</key><value>9</value></li>
			<li><key>Cooking</key><value>8</value></li>
			<li><key>Medicine</key><value>3</value></li>
		</skillGains>
		<spawnCategories>
			<li>Civil</li>
			<li>Raider</li>
			<li>Slave</li>
			<li>Trader</li>
			<li>Traveler</li>
			<li>FilterSet3</li>
		</spawnCategories>
	</REB_Code.BackstoryDef>

	<REB_Code.BackstoryDef>
		<defName>REBA067</defName>
		<slot>Adulthood</slot>
		<title>Tribal warrior</title>
		<titleShort>Tribal warrior</titleShort>
		<baseDesc>NAME is a tribal warrior. HE is fierce looking with HIS tribal tattoos and HE knows how to use a variety of melee weapons to maim and kill.</baseDesc>
		<skillGains>
			<li><key>Cooking</key><value>1</value></li>
			<li><key>Social</key><value>3</value></li>
			<li><key>Artistic</key><value>4</value></li>
			<li><key>Melee</key><value>12</value></li>
		</skillGains>
		<spawnCategories>
			<li>Civil</li>
			<li>Slave</li>
			<li>Tribal</li>
			<li>FilterSet1</li>
		</spawnCategories>
	</REB_Code.BackstoryDef>
	
	<REB_Code.BackstoryDef>
		<defName>REBA068</defName>
		<slot>Adulthood</slot>
		<title>Medieval knight</title>
		<titleShort>Medieval knight</titleShort>
		<baseDesc>NAME is a medieval knight. HE believes in chivalry and honor. NAME has traveled to the outer rim to obtain the glory HE knows is HIS destiny.</baseDesc>
		<skillGains>
			<li><key>Melee</key><value>12</value></li>
			<li><key>Social</key><value>6</value></li>
			<li><key>Shooting</key><value>2</value></li>
		</skillGains>
		<spawnCategories>
			<li>Civil</li>
			<li>Raider</li>
			<li>Slave</li>
			<li>Trader</li>
			<li>Traveler</li>
			<li>FilterSet2</li>
		</spawnCategories>
	</REB_Code.BackstoryDef>

	<REB_Code.BackstoryDef>
		<defName>REBA069</defName>
		<slot>Adulthood</slot>
		<title>Peacekeeper</title>
		<titleShort>Peacekeeper</titleShort>
		<baseDesc>NAME is a glitterworld peacekeeper. HE is in charge of keeping the peace all over the galaxy. Right now NAME is stationed in the outer rim.</baseDesc>
		<skillGains>
			<li><key>Melee</key><value>4</value></li>
			<li><key>Social</key><value>3</value></li>
			<li><key>Construction</key><value>4</value></li>
			<li><key>Medicine</key><value>9</value></li>
		</skillGains>
		<spawnCategories>
			<li>Civil</li>
			<li>Raider</li>
			<li>Slave</li>
			<li>Trader</li>
			<li>Traveler</li>
			<li>FilterSet6</li>
		</spawnCategories>
	</REB_Code.BackstoryDef>

	<REB_Code.BackstoryDef>
		<defName>REBA070</defName>
		<slot>Adulthood</slot>
		<title>Riot police</title>
		<titleShort>Riot police</titleShort>
		<baseDesc>NAME was an urbworld member of the riot police. HE was in charge of ensuring that the people of HIS urbworld respected the law.</baseDesc>
		<skillGains>
			<li><key>Melee</key><value>11</value></li>
			<li><key>Social</key><value>2</value></li>
			<li><key>Construction</key><value>2</value></li>
			<li><key>Shooting</key><value>5</value></li>
		</skillGains>
		<spawnCategories>
			<li>Civil</li>
			<li>Raider</li>
			<li>Slave</li>
			<li>Trader</li>
			<li>Traveler</li>
			<li>FilterSet4</li>
		</spawnCategories>
	</REB_Code.BackstoryDef>

	<REB_Code.BackstoryDef>
		<defName>REBA071</defName>
		<slot>Adulthood</slot>
		<title>Bar owner</title>
		<titleShort>Bar owner</titleShort>
		<baseDesc>NAME is a bar owner in the outer rim. HE knows how to cook and how to crack the occasional raider skull.</baseDesc>
		<skillGains>
			<li><key>Melee</key><value>2</value></li>
			<li><key>Social</key><value>2</value></li>
			<li><key>Cooking</key><value>8</value></li>
			<li><key>Growing</key><value>8</value></li>
		</skillGains>
		<spawnCategories>
			<li>Civil</li>
			<li>Raider</li>
			<li>Slave</li>
			<li>Trader</li>
			<li>Traveler</li>
			<li>FilterSet5</li>
		</spawnCategories>
	</REB_Code.BackstoryDef>

	<REB_Code.BackstoryDef>
		<defName>REBA072</defName>
		<slot>Adulthood</slot>
		<title>Strike breaker</title>
		<titleShort>Strike breaker</titleShort>
		<baseDesc>NAME was a strike breaker on the caveworld HE called home. HE learned how to both talk HIS way out of trouble and how to crack some skulls when talking didn't work.</baseDesc>
		<skillGains>
			<li><key>Melee</key><value>10</value></li>
			<li><key>Social</key><value>5</value></li>
			<li><key>Mining</key><value>3</value></li>
			<li><key>Medicine</key><value>2</value></li>
		</skillGains>
		<spawnCategories>
			<li>Civil</li>
			<li>Raider</li>
			<li>Slave</li>
			<li>Trader</li>
			<li>Traveler</li>
			<li>FilterSet3</li>
		</spawnCategories>
	</REB_Code.BackstoryDef>

</Defs>
