﻿<?xml version="1.0" encoding="utf-8"?>
<Defs>
  <REB_Code.BackstoryDef>
    <defName>REBC001</defName>
    <slot>Childhood</slot>
    <title>Caveworld child</title>
    <titleShort>Caveworld child</titleShort>
    <baseDesc>NAME was born on a caveworld, HE lived inside deep underground tunnels assisting with the extraction of valuable resources. NAME knew deep down HE was destined for more and resolved to one day make it to the surface and explore whatever lay beyond.</baseDesc>
    <skillGains>
      <li>
        <key>Animals</key>
        <value>2</value>
      </li>
      <li>
        <key>Construction</key>
        <value>7</value>
      </li>
      <li>
        <key>Cooking</key>
        <value>2</value>
      </li>
      <li>
        <key>Crafting</key>
        <value>2</value>
      </li>
      <li>
        <key>Growing</key>
        <value>2</value>
      </li>
      <li>
        <key>Medicine</key>
        <value>2</value>
      </li>
      <li>
        <key>Melee</key>
        <value>2</value>
      </li>
      <li>
        <key>Mining</key>
        <value>7</value>
      </li>
      <li>
        <key>Intellectual</key>
        <value>2</value>
      </li>
      <li>
        <key>Social</key>
        <value>2</value>
      </li>
    </skillGains>
    <spawnCategories>
      <li>Outlander</li>
      <li>Outlander</li>
      <li>Slave</li>
      <li>Trader</li>
      <li>Traveler</li>
      <li>FilterSet3</li>
    </spawnCategories>
  </REB_Code.BackstoryDef>
  <REB_Code.BackstoryDef>
    <defName>REBC002</defName>
    <slot>Childhood</slot>
    <title>Glitterworld child</title>
    <titleShort>Glitterworld child</titleShort>
    <baseDesc>NAME was born on a glitterworld, from an early age HE had everything HE could desire. However as NAME began to get older HE began to grow bored. NAME resolved that one day HE would leave the glitterworld behind and travel the stars.</baseDesc>
    <skillGains>
      <li>
        <key>Animals</key>
        <value>2</value>
      </li>
      <li>
        <key>Artistic</key>
        <value>2</value>
      </li>
      <li>
        <key>Construction</key>
        <value>2</value>
      </li>
      <li>
        <key>Cooking</key>
        <value>2</value>
      </li>
      <li>
        <key>Crafting</key>
        <value>2</value>
      </li>
      <li>
        <key>Growing</key>
        <value>2</value>
      </li>
      <li>
        <key>Medicine</key>
        <value>7</value>
      </li>
      <li>
        <key>Intellectual</key>
        <value>7</value>
      </li>
      <li>
        <key>Shooting</key>
        <value>2</value>
      </li>
      <li>
        <key>Social</key>
        <value>2</value>
      </li>
    </skillGains>
    <spawnCategories>
      <li>Outlander</li>
      <li>Outlander</li>
      <li>Slave</li>
      <li>Trader</li>
      <li>Traveler</li>
      <li>FilterSet6</li>
    </spawnCategories>
  </REB_Code.BackstoryDef>
  <REB_Code.BackstoryDef>
    <defName>REBC003</defName>
    <slot>Childhood</slot>
    <title>Medieval world child</title>
    <titleShort>Medieval world child</titleShort>
    <baseDesc>NAME was born on a medieval world, HE lived a simple yet purposeful life. However NAME would lie awake at night sometimes, staring up at the stars. HE knew that HIS chance for glory lay out there somewhere, upon distant fields and one day HE would claim it.</baseDesc>
    <skillGains>
      <li>
        <key>Animals</key>
        <value>2</value>
      </li>
      <li>
        <key>Artistic</key>
        <value>2</value>
      </li>
      <li>
        <key>Construction</key>
        <value>2</value>
      </li>
      <li>
        <key>Growing</key>
        <value>7</value>
      </li>
      <li>
        <key>Medicine</key>
        <value>2</value>
      </li>
      <li>
        <key>Melee</key>
        <value>7</value>
      </li>
      <li>
        <key>Mining</key>
        <value>2</value>
      </li>
      <li>
        <key>Intellectual</key>
        <value>2</value>
      </li>
      <li>
        <key>Shooting</key>
        <value>2</value>
      </li>
      <li>
        <key>Social</key>
        <value>2</value>
      </li>
    </skillGains>
    <spawnCategories>
      <li>Outlander</li>
      <li>Outlander</li>
      <li>Slave</li>
      <li>Trader</li>
      <li>Traveler</li>
      <li>FilterSet2</li>
    </spawnCategories>
  </REB_Code.BackstoryDef>
  <REB_Code.BackstoryDef>
    <defName>REBC004</defName>
    <slot>Childhood</slot>
    <title>Rimworld child</title>
    <titleShort>Rimworld child</titleShort>
    <baseDesc>NAME was born on a rimworld, and HE was no stranger to hardship. Despite the many challenges NAME loved life on the outer rim and HE became determined to tame a rimworld for HIS future children to call home.</baseDesc>
    <skillGains>
      <li>
        <key>Animals</key>
        <value>2</value>
      </li>
      <li>
        <key>Artistic</key>
        <value>2</value>
      </li>
      <li>
        <key>Construction</key>
        <value>2</value>
      </li>
      <li>
        <key>Cooking</key>
        <value>7</value>
      </li>
      <li>
        <key>Crafting</key>
        <value>7</value>
      </li>
      <li>
        <key>Growing</key>
        <value>2</value>
      </li>
      <li>
        <key>Melee</key>
        <value>2</value>
      </li>
      <li>
        <key>Mining</key>
        <value>2</value>
      </li>
      <li>
        <key>Intellectual</key>
        <value>2</value>
      </li>
      <li>
        <key>Shooting</key>
        <value>2</value>
      </li>
    </skillGains>
    <spawnCategories>
      <li>Outlander</li>
      <li>Outlander</li>
      <li>Slave</li>
      <li>Trader</li>
      <li>Traveler</li>
      <li>FilterSet5</li>
    </spawnCategories>
  </REB_Code.BackstoryDef>
  <REB_Code.BackstoryDef>
    <defName>REBC005</defName>
    <slot>Childhood</slot>
    <title>Tribal world child</title>
    <titleShort>Tribal world child</titleShort>
    <baseDesc>NAME was born on a tribal world, and HE was raised to know the tribal ways. NAME believed HE was destined for greatness and resolved to one day travel into the sky and meet the gods of HIS tribe.</baseDesc>
    <skillGains>
      <li>
        <key>Animals</key>
        <value>7</value>
      </li>
      <li>
        <key>Artistic</key>
        <value>7</value>
      </li>
      <li>
        <key>Cooking</key>
        <value>2</value>
      </li>
      <li>
        <key>Crafting</key>
        <value>2</value>
      </li>
      <li>
        <key>Growing</key>
        <value>2</value>
      </li>
      <li>
        <key>Medicine</key>
        <value>2</value>
      </li>
      <li>
        <key>Melee</key>
        <value>2</value>
      </li>
      <li>
        <key>Mining</key>
        <value>2</value>
      </li>
      <li>
        <key>Shooting</key>
        <value>2</value>
      </li>
      <li>
        <key>Social</key>
        <value>2</value>
      </li>
    </skillGains>
    <spawnCategories>
      <li>Outlander</li>
      <li>Tribal</li>
      <li>Slave</li>
      <li>FilterSet1</li>
    </spawnCategories>
  </REB_Code.BackstoryDef>
  <REB_Code.BackstoryDef>
    <defName>REBC006</defName>
    <slot>Childhood</slot>
    <title>Urbworld child</title>
    <titleShort>Urbworld child</titleShort>
    <baseDesc>NAME was born on an overcrowded urbworld, from an early age HE had to learn how to fight to survive. As NAME got older HE resolved to find a way off this hellhole and strike out, trying HIS luck in the outer rim.</baseDesc>
    <skillGains>
      <li>
        <key>Artistic</key>
        <value>2</value>
      </li>
      <li>
        <key>Construction</key>
        <value>2</value>
      </li>
      <li>
        <key>Cooking</key>
        <value>2</value>
      </li>
      <li>
        <key>Crafting</key>
        <value>2</value>
      </li>
      <li>
        <key>Medicine</key>
        <value>2</value>
      </li>
      <li>
        <key>Melee</key>
        <value>2</value>
      </li>
      <li>
        <key>Mining</key>
        <value>2</value>
      </li>
      <li>
        <key>Intellectual</key>
        <value>2</value>
      </li>
      <li>
        <key>Shooting</key>
        <value>7</value>
      </li>
      <li>
        <key>Social</key>
        <value>7</value>
      </li>
    </skillGains>
    <spawnCategories>
      <li>Outlander</li>
      <li>Outlander</li>
      <li>Slave</li>
      <li>Trader</li>
      <li>Traveler</li>
      <li>FilterSet4</li>
    </spawnCategories>
  </REB_Code.BackstoryDef>
</Defs>