﻿<?xml version="1.0" encoding="utf-8"?>
<Patch>
  <Operation Class="PatchOperationSequence">
    <success>Always</success>
    <operations>
      <li Class="PatchOperationAdd">
        <xpath>Defs/TraitDef[defName = "Kind"]/degreeDatas/li[1]</xpath>
        <value>
          <statOffsets>
            <SocialImpact>0.25</SocialImpact>
          </statOffsets>
        </value>
      </li>
      <li Class="PatchOperationAdd">
        <xpath>Defs/TraitDef[defName = "GreenThumb"]/degreeDatas/li[1]</xpath>
        <value>
          <statOffsets>
            <PlantHarvestYield>0.25</PlantHarvestYield>
            <PlantWorkSpeed>0.25</PlantWorkSpeed>
          </statOffsets>
        </value>
      </li>
      <li Class="PatchOperationRemove">
        <xpath>Defs/TraitDef[defName = "GreenThumb"]/degreeDatas/li[1]/skillGains</xpath>
      </li>
      <li Class="PatchOperationReplace">
        <xpath>Defs/TraitDef[defName = "Abrasive"]/commonality</xpath>
        <value>
          <commonality>0</commonality>
        </value>
      </li>
      <li Class="PatchOperationReplace">
        <xpath>Defs/TraitDef[defName = "AnnoyingVoice"]/commonality</xpath>
        <value>
          <commonality>0</commonality>
        </value>
      </li>
      <li Class="PatchOperationReplace">
        <xpath>Defs/TraitDef[defName = "CreepyBreathing"]/commonality</xpath>
        <value>
          <commonality>0</commonality>
        </value>
      </li>
      <li Class="PatchOperationReplace">
        <xpath>Defs/TraitDef[defName = "Prosthophobe"]/commonality</xpath>
        <value>
          <commonality>0</commonality>
        </value>
      </li>
      <li Class="PatchOperationReplace">
        <xpath>Defs/TraitDef[defName = "Greedy"]/commonality</xpath>
        <value>
          <commonality>0</commonality>
        </value>
      </li>
      <li Class="PatchOperationReplace">
        <xpath>Defs/TraitDef[defName = "Jealous"]/commonality</xpath>
        <value>
          <commonality>0</commonality>
        </value>
      </li>
      <li Class="PatchOperationReplace">
        <xpath>Defs/TraitDef[defName = "DislikesMen"]/commonality</xpath>
        <value>
          <commonality>0</commonality>
        </value>
      </li>
      <li Class="PatchOperationReplace">
        <xpath>Defs/TraitDef[defName = "DislikesMen"]/commonalityFemale</xpath>
        <value>
          <commonalityFemale>0</commonalityFemale>
        </value>
      </li>
      <li Class="PatchOperationReplace">
        <xpath>Defs/TraitDef[defName = "DislikesWomen"]/commonality</xpath>
        <value>
          <commonality>0</commonality>
        </value>
      </li>
      <li Class="PatchOperationReplace">
        <xpath>Defs/TraitDef[defName = "DislikesWomen"]/commonalityFemale</xpath>
        <value>
          <commonalityFemale>0</commonalityFemale>
        </value>
      </li>
      <li Class="PatchOperationReplace">
        <xpath>Defs/TraitDef[defName = "Wimp"]/commonality</xpath>
        <value>
          <commonality>0</commonality>
        </value>
      </li>
      <li Class="PatchOperationRemove">
        <xpath>Defs/TraitDef[defName = "Pyromaniac"]/degreeDatas/li[1]/randomMentalState</xpath>
      </li>
      <li Class="PatchOperationRemove">
        <xpath>Defs/TraitDef[defName = "Pyromaniac"]/degreeDatas/li[1]/randomMentalStateMtbDaysMoodCurve</xpath>
      </li>
      <li Class="PatchOperationReplace">
        <xpath>Defs/TraitDef[defName = "Pyromaniac"]/degreeDatas/li[1]/description</xpath>
        <value>
          <description>NAME loves fire. HECAP will never extinguish fires. HE will only ever go on fire starting sprees if he has a mental break and will not have any other mental breaks.</description>
        </value>
      </li>
      <li Class="PatchOperationReplace">
        <xpath>Defs/TraitDef[defName = "TooSmart"]/commonality</xpath>
        <value>
          <commonality>0</commonality>
        </value>
      </li>
      <li Class="PatchOperationRemove">
        <xpath>Defs/TraitDef[defName = "Brawler"]/degreeDatas/li[1]/skillGains</xpath>
      </li>
      <li Class="PatchOperationReplace">
        <xpath>Defs/TraitDef[defName = "FastLearner"]/degreeDatas/li[1]/statOffsets/GlobalLearningFactor</xpath>
        <value>
          <GlobalLearningFactor>0.50</GlobalLearningFactor>
        </value>
      </li>
    </operations>
  </Operation>
</Patch>