﻿<?xml version="1.0" encoding="utf-8"?>
<Defs>
  <!-- ===== Generic (indworld, urbworld, or unspecified) Backstories ===== -->
  <REB_Code.BackstoryDef>
    <defName>GeneralA01</defName>
    <slot>Adulthood</slot>
    <title>Actor</title>
    <titleShort>Actor</titleShort>
    <baseDesc>NAME travelled HIS homeworld with a company of actors, playing to packed theatres and loving audiences everywhere. HECAP was a perfectionist, and made HIS own props and costumes rather than use the ones HE was given.</baseDesc>
    <workDisables>
      <li>ManualDumb</li>
    </workDisables>
    <requiredWorkTags>
      <li>Social</li>
    </requiredWorkTags>
    <skillGains>
      <li>
        <key>Social</key>
        <value>8</value>
      </li>
      <li>
        <key>Crafting</key>
        <value>3</value>
      </li>
    </skillGains>
    <bodyTypeMale>Male</bodyTypeMale>
    <bodyTypeFemale>Female</bodyTypeFemale>
    <spawnCategories>
      <li>Outlander</li>
      <li>Outlander</li>
      <li>Slave</li>
      <li>Trader</li>
      <li>Traveler</li>
    </spawnCategories>
  </REB_Code.BackstoryDef>
  <REB_Code.BackstoryDef>
    <defName>GeneralA02</defName>
    <slot>Adulthood</slot>
    <title>Ascetic priest</title>
    <titleShort>Priest</titleShort>
    <baseDesc>After taking a vow of silence, NAME joined a monastery on a peaceful backwater planet to spend HIS days in quiet contemplation. HECAP found happiness growing vegetables in the garden and making cheese in the monastery cellars.</baseDesc>
    <workDisables>
      <li>Violent</li>
      <li>Social</li>
    </workDisables>
    <requiredWorkTags>
      <li>PlantWork</li>
      <li>ManualDumb</li>
    </requiredWorkTags>
    <skillGains>
      <li>
        <key>Growing</key>
        <value>4</value>
      </li>
      <li>
        <key>Medicine</key>
        <value>2</value>
      </li>
      <li>
        <key>Cooking</key>
        <value>2</value>
      </li>
    </skillGains>
    <bodyTypeMale>Thin</bodyTypeMale>
    <bodyTypeFemale>Thin</bodyTypeFemale>
    <forcedTraits>
      <li>
        <key>Ascetic</key>
        <value>0</value>
      </li>
    </forcedTraits>
    <spawnCategories>
      <li>Outlander</li>
      <li>Slave</li>
      <li>Trader</li>
      <li>Traveler</li>
    </spawnCategories>
  </REB_Code.BackstoryDef>
  <REB_Code.BackstoryDef>
    <defName>GeneralA03</defName>
    <slot>Adulthood</slot>
    <title>Assassin</title>
    <titleShort>Assassin</titleShort>
    <baseDesc>NAME was a professional assassin. HECAP was cold, calculating, and made a good profit. In this business, an utter lack of empathy was an asset.</baseDesc>
    <skillGains>
      <li>
        <key>Melee</key>
        <value>10</value>
      </li>
      <li>
        <key>Shooting</key>
        <value>10</value>
      </li>
    </skillGains>
    <workDisables>
      <li>Intellectual</li>
      <li>ManualDumb</li>
      <li>ManualSkilled</li>
      <li>Social</li>
      <li>Caring</li>
    </workDisables>
    <requiredWorkTags>
      <li>Violent</li>
      <li>Firefighting</li>
    </requiredWorkTags>
    <bodyTypeMale>Hulk</bodyTypeMale>
    <bodyTypeFemale>Thin</bodyTypeFemale>
    <forcedTraits>
      <li>
        <key>Psychopath</key>
        <value>0</value>
      </li>
    </forcedTraits>
    <spawnCategories>
      <li>Outlander</li>
      <li>Outlander</li>
      <li>Slave</li>
      <li>Trader</li>
      <li>Traveler</li>
    </spawnCategories>
  </REB_Code.BackstoryDef>
  <REB_Code.BackstoryDef>
    <defName>GeneralA04</defName>
    <slot>Adulthood</slot>
    <title>Bartender</title>
    <titleShort>Barkeep</titleShort>
    <baseDesc>NAME worked as a bartender on a seedy space station. The job entailed one part drink mixing, one part diplomacy, and one part head-bashing.</baseDesc>
    <requiredWorkTags>
      <li>Social</li>
      <li>Cooking</li>
    </requiredWorkTags>
    <skillGains>
      <li>
        <key>Social</key>
        <value>4</value>
      </li>
      <li>
        <key>Melee</key>
        <value>2</value>
      </li>
      <li>
        <key>Cooking</key>
        <value>2</value>
      </li>
    </skillGains>
    <bodyTypeMale>Hulk</bodyTypeMale>
    <bodyTypeFemale>Fat</bodyTypeFemale>
    <spawnCategories>
      <li>Outlander</li>
      <li>Outlander</li>
      <li>Slave</li>
      <li>Trader</li>
      <li>Traveler</li>
    </spawnCategories>
  </REB_Code.BackstoryDef>
  <REB_Code.BackstoryDef>
    <defName>GeneralA05</defName>
    <slot>Adulthood</slot>
    <title>Bodyguard</title>
    <titleShort>Bodyguard</titleShort>
    <baseDesc>NAME found work on a midworld, protecting whoever paid HIM from harm. HECAP gained proficiency in many different combat forms, and was known for HIS ruthlessness against those who crossed HIM.</baseDesc>
    <workDisables>
      <li>Social</li>
    </workDisables>
    <requiredWorkTags>
      <li>Violent</li>
      <li>Firefighting</li>
    </requiredWorkTags>
    <skillGains>
      <li>
        <key>Shooting</key>
        <value>4</value>
      </li>
      <li>
        <key>Melee</key>
        <value>4</value>
      </li>
    </skillGains>
    <bodyTypeMale>Hulk</bodyTypeMale>
    <bodyTypeFemale>Hulk</bodyTypeFemale>
    <spawnCategories>
      <li>Outlander</li>
      <li>Outlander</li>
      <li>Slave</li>
      <li>Trader</li>
      <li>Traveler</li>
    </spawnCategories>
  </REB_Code.BackstoryDef>
  <REB_Code.BackstoryDef>
    <defName>GeneralA06</defName>
    <slot>Adulthood</slot>
    <title>Castaway</title>
    <titleShort>Castaway</titleShort>
    <baseDesc>NAME was the only survivor of a ship crash on an unhabited animal world. For many years until HIS rescue HE scrounged an existence out of whatever HE could find. HISCAP survival skills became razor-sharp, but spending so long alone severely dampened HIS conversational abilities.</baseDesc>
    <workDisables>
      <li>Intellectual</li>
      <li>Social</li>
      <li>Artistic</li>
    </workDisables>
    <requiredWorkTags>
      <li>ManualDumb</li>
      <li>PlantWork</li>
    </requiredWorkTags>
    <skillGains>
      <li>
        <key>Melee</key>
        <value>5</value>
      </li>
      <li>
        <key>Animals</key>
        <value>3</value>
      </li>
      <li>
        <key>Construction</key>
        <value>4</value>
      </li>
    </skillGains>
    <bodyTypeMale>Hulk</bodyTypeMale>
    <bodyTypeFemale>Hulk</bodyTypeFemale>
    <spawnCategories>
      <li>Outlander</li>
      <li>Outlander</li>
      <li>Slave</li>
      <li>Trader</li>
      <li>Traveler</li>
    </spawnCategories>
  </REB_Code.BackstoryDef>
  <REB_Code.BackstoryDef>
    <defName>GeneralA07</defName>
    <slot>Adulthood</slot>
    <title>Civil servant</title>
    <titleShort>Clerk</titleShort>
    <baseDesc>NAME worked as a low-ranking administrator for a moribund government bureaucracy. HECAP is most at home filling out complicated paperwork and playing office politics.</baseDesc>
    <skillGains>
      <li>
        <key>Social</key>
        <value>3</value>
      </li>
      <li>
        <key>Intellectual</key>
        <value>3</value>
      </li>
      <li>
        <key>Construction</key>
        <value>-2</value>
      </li>
    </skillGains>
    <bodyTypeMale>Male</bodyTypeMale>
    <bodyTypeFemale>Male</bodyTypeFemale>
    <spawnCategories>
      <li>Outlander</li>
      <li>Outlander</li>
      <li>Slave</li>
      <li>Trader</li>
      <li>Traveler</li>
    </spawnCategories>
  </REB_Code.BackstoryDef>
  <REB_Code.BackstoryDef>
    <defName>GeneralA08</defName>
    <slot>Adulthood</slot>
    <title>Colony settler</title>
    <titleShort>Settler</titleShort>
    <baseDesc>NAME was a settler on a new colony world. Such a life requires a jack-of-all trades at basic hands-on tasks.</baseDesc>
    <skillGains>
      <li>
        <key>Construction</key>
        <value>4</value>
      </li>
      <li>
        <key>Growing</key>
        <value>4</value>
      </li>
      <li>
        <key>Mining</key>
        <value>4</value>
      </li>
    </skillGains>
    <bodyTypeMale>Hulk</bodyTypeMale>
    <bodyTypeFemale>Female</bodyTypeFemale>
    <requiredWorkTags>
      <li>ManualDumb</li>
      <li>ManualSkilled</li>
    </requiredWorkTags>
    <spawnCategories>
      <li>Outlander</li>
      <li>Outlander</li>
      <li>Slave</li>
      <li>Trader</li>
      <li>Traveler</li>
    </spawnCategories>
  </REB_Code.BackstoryDef>
  <REB_Code.BackstoryDef>
    <defName>GeneralA09</defName>
    <slot>Adulthood</slot>
    <title>Con artist</title>
    <titleShort>Con artist</titleShort>
    <baseDesc>NAME never created anything in HIS life. HECAP did, however, prove to be a natural at getting others to give HIM what they had created.</baseDesc>
    <skillGains>
      <li>
        <key>Social</key>
        <value>10</value>
      </li>
    </skillGains>
    <requiredWorkTags>
      <li>Social</li>
    </requiredWorkTags>
    <bodyTypeMale>Male</bodyTypeMale>
    <bodyTypeFemale>Thin</bodyTypeFemale>
    <workDisables>
      <li>Violent</li>
    </workDisables>
    <spawnCategories>
      <li>Outlander</li>
      <li>Slave</li>
      <li>Trader</li>
      <li>Traveler</li>
    </spawnCategories>
  </REB_Code.BackstoryDef>
  <REB_Code.BackstoryDef>
    <defName>GeneralA10</defName>
    <slot>Adulthood</slot>
    <title>Conceptual artist</title>
    <titleShort>Artist</titleShort>
    <baseDesc>NAME was well-known in art circles on HIS home world for HIS unique and creative conceptual artworks. Nobody was sure exactly what HE was trying to communicate, but HIS pieces were highly valued by collectors.</baseDesc>
    <workDisables>
      <li>Social</li>
      <li>Caring</li>
      <li>Hauling</li>
    </workDisables>
    <requiredWorkTags>
      <li>Artistic</li>
    </requiredWorkTags>
    <skillGains>
      <li>
        <key>Artistic</key>
        <value>8</value>
      </li>
      <li>
        <key>Crafting</key>
        <value>1</value>
      </li>
    </skillGains>
    <bodyTypeMale>Male</bodyTypeMale>
    <bodyTypeFemale>Female</bodyTypeFemale>
    <spawnCategories>
      <li>Outlander</li>
      <li>Outlander</li>
      <li>Slave</li>
      <li>Trader</li>
      <li>Traveler</li>
    </spawnCategories>
  </REB_Code.BackstoryDef>
  <REB_Code.BackstoryDef>
    <defName>GeneralA11</defName>
    <slot>Adulthood</slot>
    <title>Construction engineer</title>
    <titleShort>Builder</titleShort>
    <baseDesc>NAME was a construction worker on a midworld. HECAP lead a team which built everything from office blocks to cathedrals. HISCAP busy job and numerous nearby fast-food outlets meant HE never cooked for HIMself.</baseDesc>
    <workDisables>
      <li>Intellectual</li>
      <li>Cooking</li>
    </workDisables>
    <requiredWorkTags>
      <li>ManualSkilled</li>
    </requiredWorkTags>
    <skillGains>
      <li>
        <key>Construction</key>
        <value>8</value>
      </li>
      <li>
        <key>Growing</key>
        <value>-3</value>
      </li>
    </skillGains>
    <bodyTypeMale>Hulk</bodyTypeMale>
    <bodyTypeFemale>Female</bodyTypeFemale>
    <spawnCategories>
      <li>Outlander</li>
      <li>Outlander</li>
      <li>Slave</li>
      <li>Trader</li>
      <li>Traveler</li>
    </spawnCategories>
  </REB_Code.BackstoryDef>
  <REB_Code.BackstoryDef>
    <defName>GeneralA12</defName>
    <slot>Adulthood</slot>
    <title>Counselor</title>
    <titleShort>Counselor</titleShort>
    <baseDesc>A terrifying trauma when NAME was a young adult caused HIM to develop a serious eating disorder. With counseling HE learned to have a healthier relationship with food, and decided to put HIS new skills to use helping others overcome their emotional problems.</baseDesc>
    <workDisables>
      <li>Firefighting</li>
      <li>Cooking</li>
    </workDisables>
    <requiredWorkTags>
      <li>Social</li>
    </requiredWorkTags>
    <skillGains>
      <li>
        <key>Social</key>
        <value>9</value>
      </li>
    </skillGains>
    <bodyTypeMale>Thin</bodyTypeMale>
    <bodyTypeFemale>Thin</bodyTypeFemale>
    <spawnCategories>
      <li>Outlander</li>
      <li>Outlander</li>
      <li>Slave</li>
      <li>Trader</li>
      <li>Traveler</li>
    </spawnCategories>
  </REB_Code.BackstoryDef>
  <REB_Code.BackstoryDef>
    <defName>GeneralA13</defName>
    <slot>Adulthood</slot>
    <title>Courtesan</title>
    <titleShort>Courtesan</titleShort>
    <baseDesc>NAME was used for HIS body by hundreds of customers in brothels on several planets. HECAP gained some mental marks and a special kind of street smarts.</baseDesc>
    <skillGains>
      <li>
        <key>Social</key>
        <value>8</value>
      </li>
      <li>
        <key>Melee</key>
        <value>3</value>
      </li>
    </skillGains>
    <workDisables>
      <li>ManualDumb</li>
      <li>ManualSkilled</li>
    </workDisables>
    <requiredWorkTags>
      <li>Social</li>
    </requiredWorkTags>
    <bodyTypeMale>Hulk</bodyTypeMale>
    <bodyTypeFemale>Thin</bodyTypeFemale>
    <forcedTraits>
      <li>
        <key>Beauty</key>
        <value>2</value>
      </li>
    </forcedTraits>
    <spawnCategories>
      <li>Outlander</li>
      <li>Outlander</li>
      <li>Slave</li>
      <li>Trader</li>
      <li>Traveler</li>
    </spawnCategories>
  </REB_Code.BackstoryDef>
  <REB_Code.BackstoryDef>
    <defName>GeneralA14</defName>
    <slot>Adulthood</slot>
    <title>Deep space miner</title>
    <titleShort>Miner</titleShort>
    <baseDesc>NAME did the sweaty, grimy work of pulling metal out of asteroids on a deep space rig. HECAP used HIS hands-on industrial skills daily - and wasn't bad in a bar fight either.</baseDesc>
    <skillGains>
      <li>
        <key>Mining</key>
        <value>7</value>
      </li>
      <li>
        <key>Construction</key>
        <value>3</value>
      </li>
      <li>
        <key>Melee</key>
        <value>2</value>
      </li>
    </skillGains>
    <requiredWorkTags>
      <li>ManualDumb</li>
      <li>ManualSkilled</li>
    </requiredWorkTags>
    <bodyTypeMale>Fat</bodyTypeMale>
    <bodyTypeFemale>Female</bodyTypeFemale>
    <spawnCategories>
      <li>Outlander</li>
      <li>Outlander</li>
      <li>Slave</li>
      <li>Trader</li>
      <li>Traveler</li>
    </spawnCategories>
  </REB_Code.BackstoryDef>
  <REB_Code.BackstoryDef>
    <defName>GeneralA15</defName>
    <slot>Adulthood</slot>
    <title>Defector</title>
    <titleShort>Defector</titleShort>
    <baseDesc>Early in HIS adulthood, NAME decided to leave the oppressive dictatorship where HE lived. HISCAP defection was not well-received, and agents were sent out after HIM. HECAP spent years on the run, treating HIS own wounds so no doctor could betray HIM. The ordeal made HIM bitter and untrusting.</baseDesc>
    <workDisables>
      <li>Artistic</li>
    </workDisables>
    <skillGains>
      <li>
        <key>Shooting</key>
        <value>5</value>
      </li>
      <li>
        <key>Social</key>
        <value>-4</value>
      </li>
      <li>
        <key>Medicine</key>
        <value>3</value>
      </li>
    </skillGains>
    <bodyTypeMale>Male</bodyTypeMale>
    <bodyTypeFemale>Female</bodyTypeFemale>
    <spawnCategories>
      <li>Outlander</li>
      <li>Outlander</li>
      <li>Slave</li>
      <li>Trader</li>
      <li>Traveler</li>
    </spawnCategories>
  </REB_Code.BackstoryDef>
  <REB_Code.BackstoryDef>
    <defName>GeneralA16</defName>
    <slot>Adulthood</slot>
    <title>Drifter</title>
    <titleShort>Drifter</titleShort>
    <baseDesc>NAME never figured out what to do with HIS life. HECAP travelled often, taking up casual work wherever HE found it. HECAP also occasionally worked on a novel that HE knew would be a bestseller - just as soon as HE could find a publisher who was interested.</baseDesc>
    <skillGains>
      <li>
        <key>Cooking</key>
        <value>3</value>
      </li>
      <li>
        <key>Construction</key>
        <value>3</value>
      </li>
      <li>
        <key>Artistic</key>
        <value>-4</value>
      </li>
    </skillGains>
    <bodyTypeMale>Thin</bodyTypeMale>
    <bodyTypeFemale>Thin</bodyTypeFemale>
    <spawnCategories>
      <li>Outlander</li>
      <li>Outlander</li>
      <li>Slave</li>
      <li>Trader</li>
      <li>Traveler</li>
    </spawnCategories>
  </REB_Code.BackstoryDef>
  <REB_Code.BackstoryDef>
    <defName>GeneralA17</defName>
    <slot>Adulthood</slot>
    <title>Escaped convict</title>
    <titleShort>Escapee</titleShort>
    <baseDesc>NAME denies involvement in the crimes that brought about HIS incarceration in a brutal penal colony. HECAP escaped by tunnelling beneath the perimeter using modified cutlery.</baseDesc>
    <workDisables>
      <li>Caring</li>
    </workDisables>
    <requiredWorkTags>
      <li>Violent</li>
      <li>Firefighting</li>
    </requiredWorkTags>
    <skillGains>
      <li>
        <key>Mining</key>
        <value>4</value>
      </li>
      <li>
        <key>Crafting</key>
        <value>2</value>
      </li>
    </skillGains>
    <bodyTypeMale>Male</bodyTypeMale>
    <bodyTypeFemale>Female</bodyTypeFemale>
    <spawnCategories>
      <li>Outlander</li>
      <li>Outlander</li>
      <li>Slave</li>
      <li>Trader</li>
      <li>Traveler</li>
    </spawnCategories>
  </REB_Code.BackstoryDef>
  <REB_Code.BackstoryDef>
    <defName>GeneralA18</defName>
    <slot>Adulthood</slot>
    <title>Evangelist</title>
    <titleShort>Evangelist</titleShort>
    <baseDesc>On HIS 21st birthday, NAME experienced a religious awakening. HECAP decided to spend the rest of HIS life spreading the word of HIS deity, the beauty of its culture, and its unusual medical tradition.</baseDesc>
    <requiredWorkTags>
      <li>Social</li>
      <li>Caring</li>
    </requiredWorkTags>
    <skillGains>
      <li>
        <key>Social</key>
        <value>4</value>
      </li>
      <li>
        <key>Artistic</key>
        <value>4</value>
      </li>
      <li>
        <key>Medicine</key>
        <value>-3</value>
      </li>
    </skillGains>
    <bodyTypeMale>Male</bodyTypeMale>
    <bodyTypeFemale>Female</bodyTypeFemale>
    <spawnCategories>
      <li>Outlander</li>
      <li>Outlander</li>
      <li>Slave</li>
      <li>Trader</li>
      <li>Traveler</li>
    </spawnCategories>
  </REB_Code.BackstoryDef>
  <REB_Code.BackstoryDef>
    <defName>GeneralA19</defName>
    <slot>Adulthood</slot>
    <title>Explosives expert</title>
    <titleShort>Blaster</titleShort>
    <baseDesc>NAME was an explosive engineer employed in mines. HECAP took HIS job very seriously and was well-versed in the technicalities - so much so that HE refused to demean HIMself by helping with the clean-up once HIS carefully-calculated explosion was complete.</baseDesc>
    <workDisables>
      <li>ManualDumb</li>
    </workDisables>
    <requiredWorkTags>
      <li>Violent</li>
    </requiredWorkTags>
    <skillGains>
      <li>
        <key>Mining</key>
        <value>5</value>
      </li>
      <li>
        <key>Intellectual</key>
        <value>5</value>
      </li>
    </skillGains>
    <bodyTypeMale>Fat</bodyTypeMale>
    <bodyTypeFemale>Fat</bodyTypeFemale>
    <spawnCategories>
      <li>Outlander</li>
      <li>Outlander</li>
      <li>Slave</li>
      <li>Trader</li>
      <li>Traveler</li>
    </spawnCategories>
  </REB_Code.BackstoryDef>
  <REB_Code.BackstoryDef>
    <defName>GeneralA20</defName>
    <slot>Adulthood</slot>
    <title>Factory worker</title>
    <titleShort>Worker</titleShort>
    <baseDesc>NAME did menial, unskilled work in an industrial-era factory. HISCAP job also included caring for the mules and horses which transported goods around the city.</baseDesc>
    <workDisables>
      <li>Intellectual</li>
      <li>Artistic</li>
      <li>Cooking</li>
    </workDisables>
    <requiredWorkTags>
      <li>ManualDumb</li>
      <li>ManualSkilled</li>
      <li>Animals</li>
    </requiredWorkTags>
    <skillGains>
      <li>
        <key>Animals</key>
        <value>3</value>
      </li>
      <li>
        <key>Construction</key>
        <value>3</value>
      </li>
      <li>
        <key>Crafting</key>
        <value>2</value>
      </li>
    </skillGains>
    <bodyTypeMale>Hulk</bodyTypeMale>
    <bodyTypeFemale>Hulk</bodyTypeFemale>
    <spawnCategories>
      <li>Outlander</li>
      <li>Outlander</li>
      <li>Slave</li>
      <li>Trader</li>
      <li>Traveler</li>
    </spawnCategories>
  </REB_Code.BackstoryDef>
  <REB_Code.BackstoryDef>
    <defName>GeneralA21</defName>
    <slot>Adulthood</slot>
    <title>Gardener</title>
    <titleShort>Gardener</titleShort>
    <baseDesc>On industrial worlds, wealth concentrates in the hands of those who own the factories and sell the goods. NAME worked at the mansion of one such rich family, tending the lavish gardens as part of a team of servants.</baseDesc>
    <workDisables>
      <li>Intellectual</li>
      <li>Crafting</li>
    </workDisables>
    <requiredWorkTags>
      <li>ManualDumb</li>
      <li>PlantWork</li>
    </requiredWorkTags>
    <skillGains>
      <li>
        <key>Growing</key>
        <value>8</value>
      </li>
    </skillGains>
    <bodyTypeMale>Male</bodyTypeMale>
    <bodyTypeFemale>Female</bodyTypeFemale>
    <spawnCategories>
      <li>Outlander</li>
      <li>Outlander</li>
      <li>Slave</li>
      <li>Trader</li>
      <li>Traveler</li>
    </spawnCategories>
  </REB_Code.BackstoryDef>
  <REB_Code.BackstoryDef>
    <defName>GeneralA22</defName>
    <slot>Adulthood</slot>
    <title>Geologist</title>
    <titleShort>Geologist</titleShort>
    <baseDesc>NAME worked with miners and cave-diggers, identifying rock types and natural formations. During HIS years underground HE also gained experience repairing drilling machines and other technical equipment.</baseDesc>
    <requiredWorkTags>
      <li>Intellectual</li>
    </requiredWorkTags>
    <skillGains>
      <li>
        <key>Mining</key>
        <value>8</value>
      </li>
      <li>
        <key>Crafting</key>
        <value>3</value>
      </li>
    </skillGains>
    <bodyTypeMale>Male</bodyTypeMale>
    <bodyTypeFemale>Female</bodyTypeFemale>
    <spawnCategories>
      <li>Outlander</li>
      <li>Outlander</li>
      <li>Slave</li>
      <li>Trader</li>
      <li>Traveler</li>
    </spawnCategories>
  </REB_Code.BackstoryDef>
  <REB_Code.BackstoryDef>
    <defName>GeneralA23</defName>
    <slot>Adulthood</slot>
    <title>Hermit</title>
    <titleShort>Hermit</titleShort>
    <baseDesc>Worn out by the pressures of social interaction, NAME left HIS crowded midworld city to live a simple life in the wilderness. There, HE spent HIS days alone, tending HIS garden and crafting the simple tools HE needed to survive.</baseDesc>
    <workDisables>
      <li>Social</li>
    </workDisables>
    <skillGains>
      <li>
        <key>Growing</key>
        <value>4</value>
      </li>
      <li>
        <key>Crafting</key>
        <value>3</value>
      </li>
      <li>
        <key>Construction</key>
        <value>1</value>
      </li>
    </skillGains>
    <requiredWorkTags>
      <li>PlantWork</li>
      <li>ManualDumb</li>
      <li>Crafting</li>
    </requiredWorkTags>
    <bodyTypeMale>Thin</bodyTypeMale>
    <bodyTypeFemale>Thin</bodyTypeFemale>
    <forcedTraits>
      <li>
        <key>Ascetic</key>
        <value>0</value>
      </li>
    </forcedTraits>
    <spawnCategories>
      <li>Outlander</li>
      <li>Outlander</li>
      <li>Slave</li>
      <li>Trader</li>
      <li>Traveler</li>
    </spawnCategories>
  </REB_Code.BackstoryDef>
  <REB_Code.BackstoryDef>
    <defName>GeneralA24</defName>
    <slot>Adulthood</slot>
    <title>Hiveworld drone</title>
    <titleShort>Drone</titleShort>
    <baseDesc>NAME worked as a mindless construction drone in a massive hiveworld civilization. Though HE is now freed from the brutal social experiments to which HE was subjected, HE remains incapable of creative thought and leadership.</baseDesc>
    <workDisables>
      <li>Artistic</li>
      <li>Intellectual</li>
    </workDisables>
    <requiredWorkTags>
      <li>ManualDumb</li>
      <li>ManualSkilled</li>
    </requiredWorkTags>
    <skillGains>
      <li>
        <key>Construction</key>
        <value>5</value>
      </li>
      <li>
        <key>Mining</key>
        <value>4</value>
      </li>
      <li>
        <key>Social</key>
        <value>-2</value>
      </li>
    </skillGains>
    <bodyTypeMale>Hulk</bodyTypeMale>
    <bodyTypeFemale>Hulk</bodyTypeFemale>
    <spawnCategories>
      <li>Outlander</li>
      <li>Outlander</li>
      <li>Slave</li>
      <li>Trader</li>
      <li>Traveler</li>
    </spawnCategories>
  </REB_Code.BackstoryDef>
  <REB_Code.BackstoryDef>
    <defName>GeneralA25</defName>
    <slot>Adulthood</slot>
    <title>House servant</title>
    <titleShort>Servant</titleShort>
    <baseDesc>Early in HIS adulthood, NAME was kidnapped and sold to wealthy aristocrats as a domestic servant. HECAP got to know the kitchens and basements of HIS master's mansion well, but never did any work outside.</baseDesc>
    <workDisables>
      <li>Intellectual</li>
    </workDisables>
    <requiredWorkTags>
      <li>ManualDumb</li>
      <li>Cleaning</li>
    </requiredWorkTags>
    <skillGains>
      <li>
        <key>Cooking</key>
        <value>4</value>
      </li>
      <li>
        <key>Growing</key>
        <value>-3</value>
      </li>
      <li>
        <key>Mining</key>
        <value>-3</value>
      </li>
    </skillGains>
    <bodyTypeMale>Fat</bodyTypeMale>
    <bodyTypeFemale>Fat</bodyTypeFemale>
    <spawnCategories>
      <li>Outlander</li>
      <li>Outlander</li>
      <li>Slave</li>
      <li>Trader</li>
      <li>Traveler</li>
    </spawnCategories>
  </REB_Code.BackstoryDef>
  <REB_Code.BackstoryDef>
    <defName>GeneralA26</defName>
    <slot>Adulthood</slot>
    <title>Housemate</title>
    <titleShort>Housemate</titleShort>
    <baseDesc>As an adult, NAME kept house and cared for children while HIS spouse worked.</baseDesc>
    <skillGains>
      <li>
        <key>Cooking</key>
        <value>3</value>
      </li>
      <li>
        <key>Medicine</key>
        <value>3</value>
      </li>
      <li>
        <key>Crafting</key>
        <value>2</value>
      </li>
    </skillGains>
    <requiredWorkTags>
      <li>ManualDumb</li>
    </requiredWorkTags>
    <bodyTypeMale>Male</bodyTypeMale>
    <bodyTypeFemale>Female</bodyTypeFemale>
    <spawnCategories>
      <li>Outlander</li>
      <li>Outlander</li>
      <li>Slave</li>
      <li>Trader</li>
      <li>Traveler</li>
    </spawnCategories>
  </REB_Code.BackstoryDef>
  <REB_Code.BackstoryDef>
    <defName>GeneralA27</defName>
    <slot>Adulthood</slot>
    <title>Human computer</title>
    <titleShort>Computer</titleShort>
    <baseDesc>NAME turned out to have an excellent memory and a gift for performing complex calculations in HIS head. A midworld dictator decided to employ NAME to keep track of HIS state's finances and expenditure, since electrical computers were too susceptible to hacking.</baseDesc>
    <workDisables>
      <li>Artistic</li>
    </workDisables>
    <requiredWorkTags>
      <li>Intellectual</li>
    </requiredWorkTags>
    <skillGains>
      <li>
        <key>Shooting</key>
        <value>3</value>
      </li>
      <li>
        <key>Intellectual</key>
        <value>7</value>
      </li>
    </skillGains>
    <bodyTypeMale>Thin</bodyTypeMale>
    <bodyTypeFemale>Thin</bodyTypeFemale>
    <spawnCategories>
      <li>Outlander</li>
      <li>Outlander</li>
      <li>Slave</li>
      <li>Trader</li>
      <li>Traveler</li>
    </spawnCategories>
  </REB_Code.BackstoryDef>
  <REB_Code.BackstoryDef>
    <defName>GeneralA28</defName>
    <slot>Adulthood</slot>
    <title>Illegal shipwright</title>
    <titleShort>Shipwright</titleShort>
    <baseDesc>There is a law that says that you're not allowed to put terawatt-range grasers on a cargo scow. Especially if you hide them under what looks like a communications dish for better ambush potential. NAME discovered that there is great profit to be made, however, from those who are uninterested in these laws.</baseDesc>
    <skillGains>
      <li>
        <key>Construction</key>
        <value>7</value>
      </li>
    </skillGains>
    <requiredWorkTags>
      <li>ManualSkilled</li>
    </requiredWorkTags>
    <bodyTypeMale>Fat</bodyTypeMale>
    <bodyTypeFemale>Fat</bodyTypeFemale>
    <spawnCategories>
      <li>Outlander</li>
      <li>Outlander</li>
      <li>Slave</li>
      <li>Trader</li>
      <li>Traveler</li>
    </spawnCategories>
  </REB_Code.BackstoryDef>
  <REB_Code.BackstoryDef>
    <defName>GeneralA29</defName>
    <slot>Adulthood</slot>
    <title>Inventor</title>
    <titleShort>Inventor</titleShort>
    <baseDesc>On HIS homeworld, NAME worked as a moderately successful inventor. HECAP developed several minor technologies.</baseDesc>
    <requiredWorkTags>
      <li>Intellectual</li>
      <li>Crafting</li>
    </requiredWorkTags>
    <skillGains>
      <li>
        <key>Crafting</key>
        <value>5</value>
      </li>
      <li>
        <key>Intellectual</key>
        <value>2</value>
      </li>
    </skillGains>
    <bodyTypeMale>Thin</bodyTypeMale>
    <bodyTypeFemale>Thin</bodyTypeFemale>
    <spawnCategories>
      <li>Outlander</li>
      <li>Outlander</li>
      <li>Slave</li>
      <li>Trader</li>
      <li>Traveler</li>
    </spawnCategories>
  </REB_Code.BackstoryDef>
  <REB_Code.BackstoryDef>
    <defName>GeneralA30</defName>
    <slot>Adulthood</slot>
    <title>Jailbird</title>
    <titleShort>Jailbird</titleShort>
    <baseDesc>NAME spent most of HIS life in prisons, where HE was put to work in the kitchens. HECAP had a habit of getting into fights, and developed an aggressive way of speaking.</baseDesc>
    <workDisables>
      <li>Social</li>
      <li>Caring</li>
    </workDisables>
    <requiredWorkTags>
      <li>Violent</li>
    </requiredWorkTags>
    <skillGains>
      <li>
        <key>Melee</key>
        <value>5</value>
      </li>
      <li>
        <key>Cooking</key>
        <value>3</value>
      </li>
    </skillGains>
    <bodyTypeMale>Hulk</bodyTypeMale>
    <bodyTypeFemale>Hulk</bodyTypeFemale>
    <spawnCategories>
      <li>Outlander</li>
      <li>Outlander</li>
      <li>Slave</li>
      <li>Trader</li>
      <li>Traveler</li>
    </spawnCategories>
  </REB_Code.BackstoryDef>
  <REB_Code.BackstoryDef>
    <defName>GeneralA31</defName>
    <slot>Adulthood</slot>
    <title>Joywire artist</title>
    <titleShort>Joywirer</titleShort>
    <baseDesc>NAME worked in an urbworld lab developing cutting-edge joywire software to maximize user pleasure. When the local government imposed harsh restrictions on joywire manufacturing, HE began selling HIS products on the black market.</baseDesc>
    <workDisables>
      <li>ManualDumb</li>
    </workDisables>
    <requiredWorkTags>
      <li>Intellectual</li>
    </requiredWorkTags>
    <skillGains>
      <li>
        <key>Artistic</key>
        <value>3</value>
      </li>
      <li>
        <key>Intellectual</key>
        <value>2</value>
      </li>
      <li>
        <key>Medicine</key>
        <value>2</value>
      </li>
    </skillGains>
    <bodyTypeMale>Male</bodyTypeMale>
    <bodyTypeFemale>Female</bodyTypeFemale>
    <spawnCategories>
      <li>Outlander</li>
      <li>Outlander</li>
      <li>Slave</li>
      <li>Trader</li>
      <li>Traveler</li>
    </spawnCategories>
  </REB_Code.BackstoryDef>
  <REB_Code.BackstoryDef>
    <defName>GeneralA32</defName>
    <slot>Adulthood</slot>
    <title>Low-wage worker</title>
    <titleShort>Grunt</titleShort>
    <baseDesc>NAME worked a variety of casual jobs to support HIS family, gaining a set of basic hands-on skills.</baseDesc>
    <requiredWorkTags>
      <li>ManualDumb</li>
      <li>Cleaning</li>
    </requiredWorkTags>
    <skillGains>
      <li>
        <key>Cooking</key>
        <value>4</value>
      </li>
      <li>
        <key>Growing</key>
        <value>3</value>
      </li>
      <li>
        <key>Crafting</key>
        <value>3</value>
      </li>
    </skillGains>
    <bodyTypeMale>Male</bodyTypeMale>
    <bodyTypeFemale>Female</bodyTypeFemale>
    <spawnCategories>
      <li>Outlander</li>
      <li>Outlander</li>
      <li>Slave</li>
      <li>Trader</li>
      <li>Traveler</li>
    </spawnCategories>
  </REB_Code.BackstoryDef>
  <REB_Code.BackstoryDef>
    <defName>GeneralA33</defName>
    <slot>Adulthood</slot>
    <title>Luddite rebel</title>
    <titleShort>Luddite</titleShort>
    <baseDesc>When the majority of people on HIS world chose to give up their individuality and biological humanity to join together in an online hivemind, NAME joined a rebel faction that chose to forsake most technology.</baseDesc>
    <workDisables>
      <li>Intellectual</li>
      <li>Crafting</li>
    </workDisables>
    <requiredWorkTags>
      <li>ManualDumb</li>
    </requiredWorkTags>
    <skillGains>
      <li>
        <key>Melee</key>
        <value>3</value>
      </li>
      <li>
        <key>Construction</key>
        <value>3</value>
      </li>
      <li>
        <key>Mining</key>
        <value>2</value>
      </li>
    </skillGains>
    <bodyTypeMale>Hulk</bodyTypeMale>
    <bodyTypeFemale>Female</bodyTypeFemale>
    <spawnCategories>
      <li>Outlander</li>
      <li>Outlander</li>
      <li>Slave</li>
      <li>Trader</li>
      <li>Traveler</li>
    </spawnCategories>
  </REB_Code.BackstoryDef>
  <REB_Code.BackstoryDef>
    <defName>GeneralA34</defName>
    <slot>Adulthood</slot>
    <title>Machine collector</title>
    <titleShort>Collector</titleShort>
    <baseDesc>NAME was obsessed with old machines and arcane pieces of technology. HECAP obtained them wherever HE could, and loved taking them apart to see how they worked. HE had a habit of talking about HIS collection long after people around HIM had stopped listening.</baseDesc>
    <requiredWorkTags>
      <li>Crafting</li>
    </requiredWorkTags>
    <skillGains>
      <li>
        <key>Social</key>
        <value>-3</value>
      </li>
      <li>
        <key>Crafting</key>
        <value>6</value>
      </li>
      <li>
        <key>Intellectual</key>
        <value>6</value>
      </li>
    </skillGains>
    <bodyTypeMale>Male</bodyTypeMale>
    <bodyTypeFemale>Female</bodyTypeFemale>
    <spawnCategories>
      <li>Outlander</li>
      <li>Outlander</li>
      <li>Slave</li>
      <li>Trader</li>
      <li>Traveler</li>
    </spawnCategories>
  </REB_Code.BackstoryDef>
  <REB_Code.BackstoryDef>
    <defName>GeneralA35</defName>
    <slot>Adulthood</slot>
    <title>Mafia boss</title>
    <titleShort>Boss</titleShort>
    <baseDesc>NAME was a high-ranking member of an urbworld crime syndicate. HECAP bribed officials, maintained the loyalty of HIS subordinates, and extracted overdue payments - by any means necessary.</baseDesc>
    <workDisables>
      <li>ManualDumb</li>
      <li>Caring</li>
      <li>Cooking</li>
    </workDisables>
    <requiredWorkTags>
      <li>Social</li>
    </requiredWorkTags>
    <skillGains>
      <li>
        <key>Shooting</key>
        <value>4</value>
      </li>
      <li>
        <key>Melee</key>
        <value>3</value>
      </li>
      <li>
        <key>Social</key>
        <value>4</value>
      </li>
    </skillGains>
    <bodyTypeMale>Hulk</bodyTypeMale>
    <bodyTypeFemale>Female</bodyTypeFemale>
    <spawnCategories>
      <li>Outlander</li>
      <li>Outlander</li>
      <li>Slave</li>
      <li>Trader</li>
      <li>Traveler</li>
    </spawnCategories>
  </REB_Code.BackstoryDef>
  <REB_Code.BackstoryDef>
    <defName>GeneralA36</defName>
    <slot>Adulthood</slot>
    <title>Mathematician</title>
    <titleShort>Math prof</titleShort>
    <baseDesc>NAME did mathematical research at a university. HECAP spent much of HIS spare time immersed in shooting simulations, though HECAP was frequently ridiculed by other players for HIS terrible aim.</baseDesc>
    <workDisables>
      <li>ManualDumb</li>
    </workDisables>
    <requiredWorkTags>
      <li>Intellectual</li>
    </requiredWorkTags>
    <skillGains>
      <li>
        <key>Shooting</key>
        <value>-3</value>
      </li>
      <li>
        <key>Intellectual</key>
        <value>8</value>
      </li>
    </skillGains>
    <bodyTypeMale>Thin</bodyTypeMale>
    <bodyTypeFemale>Thin</bodyTypeFemale>
    <spawnCategories>
      <li>Outlander</li>
      <li>Outlander</li>
      <li>Slave</li>
      <li>Trader</li>
      <li>Traveler</li>
    </spawnCategories>
  </REB_Code.BackstoryDef>
  <REB_Code.BackstoryDef>
    <defName>GeneralA37</defName>
    <slot>Adulthood</slot>
    <title>Midworld chef</title>
    <titleShort>Chef</titleShort>
    <baseDesc>NAME ran a high-class midworld restaurant. HECAP was famous among patrons for HIS creative culinary specialties, and infamous among kitchen workers for HIS casual disdain for grunt work.</baseDesc>
    <workDisables>
      <li>Cleaning</li>
      <li>ManualDumb</li>
    </workDisables>
    <requiredWorkTags>
      <li>Cooking</li>
    </requiredWorkTags>
    <skillGains>
      <li>
        <key>Cooking</key>
        <value>6</value>
      </li>
      <li>
        <key>Social</key>
        <value>2</value>
      </li>
    </skillGains>
    <bodyTypeMale>Male</bodyTypeMale>
    <bodyTypeFemale>Female</bodyTypeFemale>
    <spawnCategories>
      <li>Outlander</li>
      <li>Outlander</li>
      <li>Slave</li>
      <li>Trader</li>
      <li>Traveler</li>
    </spawnCategories>
  </REB_Code.BackstoryDef>
  <REB_Code.BackstoryDef>
    <defName>GeneralA38</defName>
    <slot>Adulthood</slot>
    <title>Military commissar</title>
    <titleShort>Commissar</titleShort>
    <baseDesc>NAME was an internal spymaster in an Imperial army battalion. HECAP made sure that the men were loyal, and did not fall back unless ordered. This made HIM unpopular, but HE gained great skill at detecting the slightest dishonesty.</baseDesc>
    <skillGains>
      <li>
        <key>Shooting</key>
        <value>3</value>
      </li>
      <li>
        <key>Social</key>
        <value>6</value>
      </li>
    </skillGains>
    <bodyTypeMale>Hulk</bodyTypeMale>
    <bodyTypeFemale>Thin</bodyTypeFemale>
    <requiredWorkTags>
      <li>Social</li>
      <li>Violent</li>
    </requiredWorkTags>
    <spawnCategories>
      <li>Outlander</li>
      <li>Outlander</li>
      <li>Slave</li>
      <li>Trader</li>
      <li>Traveler</li>
    </spawnCategories>
  </REB_Code.BackstoryDef>
  <REB_Code.BackstoryDef>
    <defName>GeneralA39</defName>
    <slot>Adulthood</slot>
    <title>Model</title>
    <titleShort>Model</titleShort>
    <baseDesc>NAME modelled clothes and jewellery for advertisers, and was also used as a physical blueprint for characters in virtual reality simulations.</baseDesc>
    <workDisables>
      <li>ManualDumb</li>
      <li>Intellectual</li>
      <li>ManualSkilled</li>
      <li>Caring</li>
    </workDisables>
    <requiredWorkTags>
      <li>Social</li>
      <li>Artistic</li>
    </requiredWorkTags>
    <skillGains>
      <li>
        <key>Social</key>
        <value>5</value>
      </li>
      <li>
        <key>Artistic</key>
        <value>6</value>
      </li>
    </skillGains>
    <bodyTypeMale>Hulk</bodyTypeMale>
    <bodyTypeFemale>Thin</bodyTypeFemale>
    <forcedTraits>
      <li>
        <key>Beauty</key>
        <value>2</value>
      </li>
    </forcedTraits>
    <spawnCategories>
      <li>Outlander</li>
      <li>Outlander</li>
      <li>Slave</li>
      <li>Trader</li>
      <li>Traveler</li>
    </spawnCategories>
  </REB_Code.BackstoryDef>
  <REB_Code.BackstoryDef>
    <defName>GeneralA40</defName>
    <slot>Adulthood</slot>
    <title>Navy scientist</title>
    <titleShort>Scientist</titleShort>
    <baseDesc>Interstellar warfare is won by technology, so imperial navies are always on the peak of modern research. Even better, they have first access to Transcendent artifacts because they find them in space. NAME worked in a navy lab.</baseDesc>
    <skillGains>
      <li>
        <key>Intellectual</key>
        <value>8</value>
      </li>
    </skillGains>
    <bodyTypeMale>Male</bodyTypeMale>
    <bodyTypeFemale>Female</bodyTypeFemale>
    <requiredWorkTags>
      <li>Intellectual</li>
    </requiredWorkTags>
    <spawnCategories>
      <li>Outlander</li>
      <li>Outlander</li>
      <li>Slave</li>
      <li>Trader</li>
      <li>Traveler</li>
    </spawnCategories>
  </REB_Code.BackstoryDef>
  <REB_Code.BackstoryDef>
    <defName>GeneralA41</defName>
    <slot>Adulthood</slot>
    <title>Nurse</title>
    <titleShort>Nurse</titleShort>
    <baseDesc>NAME worked in an industrial-era hospital, doing routine work such as changing bandages and taking temperatures. It was a busy job, but HE could always find time for a chat with a patient.</baseDesc>
    <workDisables>
      <li>Violent</li>
    </workDisables>
    <requiredWorkTags>
      <li>Caring</li>
    </requiredWorkTags>
    <skillGains>
      <li>
        <key>Social</key>
        <value>4</value>
      </li>
      <li>
        <key>Medicine</key>
        <value>5</value>
      </li>
    </skillGains>
    <bodyTypeMale>Male</bodyTypeMale>
    <bodyTypeFemale>Female</bodyTypeFemale>
    <spawnCategories>
      <li>Outlander</li>
      <li>Slave</li>
      <li>Trader</li>
      <li>Traveler</li>
    </spawnCategories>
  </REB_Code.BackstoryDef>
  <REB_Code.BackstoryDef>
    <defName>GeneralA42</defName>
    <slot>Adulthood</slot>
    <title>Paramedic</title>
    <titleShort>Paramedic</titleShort>
    <baseDesc>NAME's job was to respond rapidly to medical emergencies. HECAP is used to dealing with severe injuries with only limited medical supplies. HECAP treated so many gunshot wounds over the years that even seeing a gun made HIM uncomfortable.</baseDesc>
    <requiredWorkTags>
      <li>Caring</li>
      <li>Firefighting</li>
    </requiredWorkTags>
    <skillGains>
      <li>
        <key>Shooting</key>
        <value>-5</value>
      </li>
      <li>
        <key>Medicine</key>
        <value>6</value>
      </li>
    </skillGains>
    <bodyTypeMale>Male</bodyTypeMale>
    <bodyTypeFemale>Female</bodyTypeFemale>
    <spawnCategories>
      <li>Outlander</li>
      <li>Outlander</li>
      <li>Slave</li>
      <li>Trader</li>
      <li>Traveler</li>
    </spawnCategories>
  </REB_Code.BackstoryDef>
  <REB_Code.BackstoryDef>
    <defName>GeneralA43</defName>
    <slot>Adulthood</slot>
    <title>Pit brawler</title>
    <titleShort>Brawler</titleShort>
    <baseDesc>NAME was nine years old when HE got in HIS first fight. HECAP won, but more important was the enjoyment of HIS audience. Pit fighting turned out to be a lucrative career for those who could survive it. And it was even mostly legal.</baseDesc>
    <skillGains>
      <li>
        <key>Melee</key>
        <value>8</value>
      </li>
    </skillGains>
    <workDisables>
      <li>Intellectual</li>
      <li>Caring</li>
    </workDisables>
    <requiredWorkTags>
      <li>Violent</li>
      <li>Firefighting</li>
    </requiredWorkTags>
    <bodyTypeMale>Hulk</bodyTypeMale>
    <bodyTypeFemale>Female</bodyTypeFemale>
    <forcedTraits>
      <li>
        <key>Brawler</key>
        <value>0</value>
      </li>
    </forcedTraits>
    <spawnCategories>
      <li>Outlander</li>
      <li>Outlander</li>
      <li>Slave</li>
      <li>Trader</li>
      <li>Traveler</li>
    </spawnCategories>
  </REB_Code.BackstoryDef>
  <REB_Code.BackstoryDef>
    <defName>GeneralA44</defName>
    <slot>Adulthood</slot>
    <title>Psychiatric patient</title>
    <titleShort>Patient</titleShort>
    <baseDesc>NAME spent most of HIS adult life in an insane asylum. HIS industrial homeworld had a poor understanding of mental illness, and HE was treated more like an animal than a person. Though HE eventually recovered and was released, HIS experience dampened many of HIS basic life skills.</baseDesc>
    <workDisables>
      <li>Social</li>
      <li>Caring</li>
      <li>Firefighting</li>
    </workDisables>
    <skillGains>
      <li>
        <key>Cooking</key>
        <value>-2</value>
      </li>
      <li>
        <key>Crafting</key>
        <value>-2</value>
      </li>
    </skillGains>
    <bodyTypeMale>Thin</bodyTypeMale>
    <bodyTypeFemale>Thin</bodyTypeFemale>
    <spawnCategories>
      <li>Outlander</li>
      <li>Outlander</li>
      <li>Slave</li>
      <li>Trader</li>
      <li>Traveler</li>
    </spawnCategories>
  </REB_Code.BackstoryDef>
  <REB_Code.BackstoryDef>
    <defName>GeneralA45</defName>
    <slot>Adulthood</slot>
    <title>Ranch owner</title>
    <titleShort>Rancher</titleShort>
    <baseDesc>NAME owned and operated a successful ranch where HE raised animals for meat and wool. HECAP refused to do any dumb labour HE could pay someone else to do for HIM.</baseDesc>
    <workDisables>
      <li>ManualDumb</li>
    </workDisables>
    <requiredWorkTags>
      <li>Animals</li>
    </requiredWorkTags>
    <skillGains>
      <li>
        <key>Animals</key>
        <value>8</value>
      </li>
      <li>
        <key>Cooking</key>
        <value>-4</value>
      </li>
      <li>
        <key>Mining</key>
        <value>-4</value>
      </li>
    </skillGains>
    <bodyTypeMale>Fat</bodyTypeMale>
    <bodyTypeFemale>Fat</bodyTypeFemale>
    <spawnCategories>
      <li>Outlander</li>
      <li>Outlander</li>
      <li>Slave</li>
      <li>Trader</li>
      <li>Traveler</li>
    </spawnCategories>
  </REB_Code.BackstoryDef>
  <REB_Code.BackstoryDef>
    <defName>GeneralA46</defName>
    <slot>Adulthood</slot>
    <title>Recruiter</title>
    <titleShort>Recruiter</titleShort>
    <baseDesc>NAME was part of a revered order of martial artists, infamous both for their skill in combat and for their practice of refusing to treat their wounded. HECAP travelled HIS homeworld, judging the young people HE met to determine if they might be suitable for training.</baseDesc>
    <workDisables>
      <li>Caring</li>
    </workDisables>
    <requiredWorkTags>
      <li>Social</li>
    </requiredWorkTags>
    <skillGains>
      <li>
        <key>Melee</key>
        <value>5</value>
      </li>
      <li>
        <key>Social</key>
        <value>5</value>
      </li>
    </skillGains>
    <bodyTypeMale>Male</bodyTypeMale>
    <bodyTypeFemale>Female</bodyTypeFemale>
    <spawnCategories>
      <li>Outlander</li>
      <li>Outlander</li>
      <li>Slave</li>
      <li>Trader</li>
      <li>Traveler</li>
    </spawnCategories>
  </REB_Code.BackstoryDef>
  <REB_Code.BackstoryDef>
    <defName>GeneralA47</defName>
    <slot>Adulthood</slot>
    <title>Sailor</title>
    <titleShort>Sailor</titleShort>
    <baseDesc>NAME traversed the oceans on journeys of exploration, seeking out plant and animal specimens from exotic places, and occasionally fending off pirates. HECAP loved the sea so much HE refused to do all but the barest minimum of work on land, except to sell the treasures HE collected.</baseDesc>
    <workDisables>
      <li>ManualSkilled</li>
    </workDisables>
    <requiredWorkTags>
      <li>ManualDumb</li>
    </requiredWorkTags>
    <skillGains>
      <li>
        <key>Melee</key>
        <value>4</value>
      </li>
      <li>
        <key>Social</key>
        <value>4</value>
      </li>
      <li>
        <key>Animals</key>
        <value>4</value>
      </li>
    </skillGains>
    <bodyTypeMale>Male</bodyTypeMale>
    <bodyTypeFemale>Female</bodyTypeFemale>
    <spawnCategories>
      <li>Outlander</li>
      <li>Outlander</li>
      <li>Slave</li>
      <li>Trader</li>
      <li>Traveler</li>
    </spawnCategories>
  </REB_Code.BackstoryDef>
  <REB_Code.BackstoryDef>
    <defName>GeneralA48</defName>
    <slot>Adulthood</slot>
    <title>Sheriff</title>
    <titleShort>Sheriff</titleShort>
    <baseDesc>NAME was the law enforcer in an isolated industrial town. HECAP was known for having an arrogant attitude and a mean streak. HECAP refused to lift so much as a finger unless it was for money, alcohol, or revenge.</baseDesc>
    <workDisables>
      <li>ManualDumb</li>
      <li>ManualSkilled</li>
      <li>Social</li>
      <li>Caring</li>
    </workDisables>
    <requiredWorkTags>
      <li>Violent</li>
    </requiredWorkTags>
    <skillGains>
      <li>
        <key>Shooting</key>
        <value>8</value>
      </li>
      <li>
        <key>Melee</key>
        <value>5</value>
      </li>
    </skillGains>
    <bodyTypeMale>Fat</bodyTypeMale>
    <bodyTypeFemale>Fat</bodyTypeFemale>
    <spawnCategories>
      <li>Outlander</li>
      <li>Outlander</li>
      <li>Slave</li>
      <li>Trader</li>
      <li>Traveler</li>
    </spawnCategories>
  </REB_Code.BackstoryDef>
  <REB_Code.BackstoryDef>
    <defName>GeneralA49</defName>
    <slot>Adulthood</slot>
    <title>Space marine</title>
    <titleShort>Marine</titleShort>
    <baseDesc>NAME was a warrior in an Imperial navy. HISCAP job was to punch into enemy starships, gun down the crew, and capture the ship intact. And HE was good at it.</baseDesc>
    <skillGains>
      <li>
        <key>Melee</key>
        <value>5</value>
      </li>
      <li>
        <key>Shooting</key>
        <value>7</value>
      </li>
    </skillGains>
    <requiredWorkTags>
      <li>Violent</li>
      <li>Firefighting</li>
    </requiredWorkTags>
    <bodyTypeMale>Hulk</bodyTypeMale>
    <bodyTypeFemale>Thin</bodyTypeFemale>
    <spawnCategories>
      <li>Outlander</li>
      <li>Outlander</li>
      <li>Slave</li>
      <li>Trader</li>
      <li>Traveler</li>
    </spawnCategories>
  </REB_Code.BackstoryDef>
  <REB_Code.BackstoryDef>
    <defName>GeneralA50</defName>
    <slot>Adulthood</slot>
    <title>Space pirate</title>
    <titleShort>Pirate</titleShort>
    <baseDesc>Piracy appears everywhere that governments are weak and society spread thin. NAME was part of this age-old part of human existence, extorting and smashing peaceful trade ships for profit.</baseDesc>
    <skillGains>
      <li>
        <key>Melee</key>
        <value>4</value>
      </li>
      <li>
        <key>Shooting</key>
        <value>4</value>
      </li>
    </skillGains>
    <requiredWorkTags>
      <li>Violent</li>
      <li>Firefighting</li>
    </requiredWorkTags>
    <bodyTypeMale>Hulk</bodyTypeMale>
    <bodyTypeFemale>Female</bodyTypeFemale>
    <spawnCategories>
      <li>Outlander</li>
      <li>Outlander</li>
      <li>Slave</li>
      <li>Trader</li>
      <li>Traveler</li>
    </spawnCategories>
  </REB_Code.BackstoryDef>
  <REB_Code.BackstoryDef>
    <defName>GeneralA51</defName>
    <slot>Adulthood</slot>
    <title>Starship janitor</title>
    <titleShort>Janitor</titleShort>
    <baseDesc>While other passengers pass the years between star systems in cryptosleep sarcophagi, NAME had to wake up at periodic intervals to perform inspections, check the navigation systems, and to oil the mechanoids.</baseDesc>
    <requiredWorkTags>
      <li>ManualDumb</li>
      <li>ManualSkilled</li>
    </requiredWorkTags>
    <skillGains>
      <li>
        <key>Construction</key>
        <value>2</value>
      </li>
      <li>
        <key>Crafting</key>
        <value>3</value>
      </li>
    </skillGains>
    <bodyTypeMale>Male</bodyTypeMale>
    <bodyTypeFemale>Female</bodyTypeFemale>
    <spawnCategories>
      <li>Outlander</li>
      <li>Outlander</li>
      <li>Slave</li>
      <li>Trader</li>
      <li>Traveler</li>
    </spawnCategories>
  </REB_Code.BackstoryDef>
  <REB_Code.BackstoryDef>
    <defName>GeneralA52</defName>
    <slot>Adulthood</slot>
    <title>Tactician</title>
    <titleShort>Tactician</titleShort>
    <baseDesc>NAME joined the space navy in an unstable system, fraught with large-scale interplanetary wars. HECAP turned out to have a sharp mind for battle, and became adept at commanding large armies to great effect.</baseDesc>
    <workDisables>
      <li>Social</li>
      <li>Artistic</li>
    </workDisables>
    <requiredWorkTags>
      <li>Intellectual</li>
    </requiredWorkTags>
    <skillGains>
      <li>
        <key>Shooting</key>
        <value>4</value>
      </li>
      <li>
        <key>Intellectual</key>
        <value>4</value>
      </li>
    </skillGains>
    <bodyTypeMale>Thin</bodyTypeMale>
    <bodyTypeFemale>Thin</bodyTypeFemale>
    <spawnCategories>
      <li>Outlander</li>
      <li>Outlander</li>
      <li>Slave</li>
      <li>Trader</li>
      <li>Traveler</li>
    </spawnCategories>
  </REB_Code.BackstoryDef>
  <REB_Code.BackstoryDef>
    <defName>GeneralA53</defName>
    <slot>Adulthood</slot>
    <title>Taxonomist</title>
    <titleShort>Taxonomist</titleShort>
    <baseDesc>NAME travelled between star systems, studying and classifying the plant and animal life HE found in the hopes of creating a complete catalogue.</baseDesc>
    <workDisables>
      <li>Violent</li>
    </workDisables>
    <requiredWorkTags>
      <li>Intellectual</li>
    </requiredWorkTags>
    <skillGains>
      <li>
        <key>Animals</key>
        <value>5</value>
      </li>
      <li>
        <key>Growing</key>
        <value>5</value>
      </li>
    </skillGains>
    <bodyTypeMale>Thin</bodyTypeMale>
    <bodyTypeFemale>Thin</bodyTypeFemale>
    <spawnCategories>
      <li>Outlander</li>
      <li>Slave</li>
      <li>Trader</li>
      <li>Traveler</li>
    </spawnCategories>
  </REB_Code.BackstoryDef>
  <REB_Code.BackstoryDef>
    <defName>GeneralA54</defName>
    <slot>Adulthood</slot>
    <title>Teacher</title>
    <titleShort>Teacher</titleShort>
    <baseDesc>NAME was educated in the liberal arts and taught at a public school. HECAP was widely knowledgeable and well-liked by HIS students.</baseDesc>
    <requiredWorkTags>
      <li>Intellectual</li>
      <li>Social</li>
    </requiredWorkTags>
    <skillGains>
      <li>
        <key>Intellectual</key>
        <value>3</value>
      </li>
      <li>
        <key>Social</key>
        <value>4</value>
      </li>
    </skillGains>
    <bodyTypeMale>Male</bodyTypeMale>
    <bodyTypeFemale>Female</bodyTypeFemale>
    <spawnCategories>
      <li>Outlander</li>
      <li>Outlander</li>
      <li>Slave</li>
      <li>Trader</li>
      <li>Traveler</li>
    </spawnCategories>
  </REB_Code.BackstoryDef>
  <REB_Code.BackstoryDef>
    <defName>GeneralA55</defName>
    <slot>Adulthood</slot>
    <title>Tunnelworld illuminator</title>
    <titleShort>Illuminator</titleShort>
    <baseDesc>Among tunnel-dwellers, those with vision as strong as NAME's are revered as sages. HECAP would lead the way, marking spots to dig with bioluminescent fungus and warning others of impending danger.</baseDesc>
    <requiredWorkTags>
      <li>Mining</li>
      <li>ManualSkilled</li>
    </requiredWorkTags>
    <skillGains>
      <li>
        <key>Mining</key>
        <value>3</value>
      </li>
      <li>
        <key>Social</key>
        <value>2</value>
      </li>
    </skillGains>
    <bodyTypeMale>Male</bodyTypeMale>
    <bodyTypeFemale>Female</bodyTypeFemale>
    <spawnCategories>
      <li>Outlander</li>
      <li>Outlander</li>
      <li>Slave</li>
      <li>Trader</li>
      <li>Traveler</li>
    </spawnCategories>
  </REB_Code.BackstoryDef>
  <REB_Code.BackstoryDef>
    <defName>GeneralA56</defName>
    <slot>Adulthood</slot>
    <title>Urbworld entrepreneur</title>
    <titleShort>Entrepreneur</titleShort>
    <baseDesc>In the urbworlds, most suffer. But someone has to run the corporations. NAME learned the skills of the trade - greasing palms and technical analysis. HECAP is a sociointellectual machine.</baseDesc>
    <skillGains>
      <li>
        <key>Social</key>
        <value>6</value>
      </li>
      <li>
        <key>Intellectual</key>
        <value>3</value>
      </li>
    </skillGains>
    <requiredWorkTags>
      <li>Social</li>
    </requiredWorkTags>
    <bodyTypeMale>Male</bodyTypeMale>
    <bodyTypeFemale>Thin</bodyTypeFemale>
    <spawnCategories>
      <li>Outlander</li>
      <li>Outlander</li>
      <li>Slave</li>
      <li>Trader</li>
      <li>Traveler</li>
    </spawnCategories>
  </REB_Code.BackstoryDef>
  <REB_Code.BackstoryDef>
    <defName>GeneralA57</defName>
    <slot>Adulthood</slot>
    <title>Veterinarian</title>
    <titleShort>Vet</titleShort>
    <baseDesc>NAME treated sick and injured animals for a living. Seeing their suffering affected HIS stance on the practice of eating meat, and for many years HE lived as a vegetarian, rejecting the meat-loving culinary tradition of HIS homeworld.</baseDesc>
    <requiredWorkTags>
      <li>Caring</li>
    </requiredWorkTags>
    <skillGains>
      <li>
        <key>Animals</key>
        <value>4</value>
      </li>
      <li>
        <key>Medicine</key>
        <value>4</value>
      </li>
      <li>
        <key>Cooking</key>
        <value>-4</value>
      </li>
    </skillGains>
    <bodyTypeMale>Male</bodyTypeMale>
    <bodyTypeFemale>Female</bodyTypeFemale>
    <spawnCategories>
      <li>Outlander</li>
      <li>Outlander</li>
      <li>Slave</li>
      <li>Trader</li>
      <li>Traveler</li>
    </spawnCategories>
  </REB_Code.BackstoryDef>
  <!-- ===== Glitterworld Backstories ===== -->
  <REB_Code.BackstoryDef>
    <defName>GlitterA01</defName>
    <slot>Adulthood</slot>
    <title>Architect</title>
    <titleShort>Architect</titleShort>
    <baseDesc>NAME designed and constructed buildings. On HIS glitterworld home, most of the technical aspects of architecture were handled by an AI. This enabled HIM to push the artistic limits of the craft, but also meant HE never had to get HIS hands dirty at building sites.</baseDesc>
    <workDisables>
      <li>ManualDumb</li>
    </workDisables>
    <requiredWorkTags>
      <li>Intellectual</li>
    </requiredWorkTags>
    <skillGains>
      <li>
        <key>Construction</key>
        <value>5</value>
      </li>
      <li>
        <key>Artistic</key>
        <value>7</value>
      </li>
      <li>
        <key>Crafting</key>
        <value>-3</value>
      </li>
    </skillGains>
    <bodyTypeMale>Male</bodyTypeMale>
    <bodyTypeFemale>Female</bodyTypeFemale>
    <spawnCategories>
      <li>Outlander</li>
      <li>Outlander</li>
      <li>Slave</li>
      <li>Trader</li>
      <li>Traveler</li>
    </spawnCategories>
  </REB_Code.BackstoryDef>
  <REB_Code.BackstoryDef>
    <defName>GlitterA02</defName>
    <slot>Adulthood</slot>
    <title>Biosphere manager</title>
    <titleShort>Botanist</titleShort>
    <baseDesc>NAME lived on a peaceful glitterworld where all menial work was done by robots and people devoted themselves to leisure. HECAP managed the plant and animal life of a sprawling park, where citizens came to admire the natural beauty.</baseDesc>
    <workDisables>
      <li>ManualDumb</li>
      <li>Crafting</li>
      <li>Cooking</li>
    </workDisables>
    <requiredWorkTags>
      <li>Artistic</li>
    </requiredWorkTags>
    <skillGains>
      <li>
        <key>Shooting</key>
        <value>-4</value>
      </li>
      <li>
        <key>Animals</key>
        <value>6</value>
      </li>
      <li>
        <key>Growing</key>
        <value>6</value>
      </li>
    </skillGains>
    <bodyTypeMale>Male</bodyTypeMale>
    <bodyTypeFemale>Female</bodyTypeFemale>
    <spawnCategories>
      <li>Outlander</li>
      <li>Outlander</li>
      <li>Slave</li>
      <li>Trader</li>
      <li>Traveler</li>
    </spawnCategories>
  </REB_Code.BackstoryDef>
  <REB_Code.BackstoryDef>
    <defName>GlitterA03</defName>
    <slot>Adulthood</slot>
    <title>Charity worker</title>
    <titleShort>Altruist</titleShort>
    <baseDesc>Glitterworlds are havens of safety and comfort for those lucky enough to live there, but NAME could not ignore nearby planets where people suffered in poverty. HECAP spent HIS working life appealing for donations and supporting those in need.</baseDesc>
    <workDisables>
      <li>Violent</li>
    </workDisables>
    <requiredWorkTags>
      <li>Caring</li>
      <li>Social</li>
    </requiredWorkTags>
    <skillGains>
      <li>
        <key>Social</key>
        <value>6</value>
      </li>
      <li>
        <key>Mining</key>
        <value>-3</value>
      </li>
    </skillGains>
    <bodyTypeMale>Thin</bodyTypeMale>
    <bodyTypeFemale>Thin</bodyTypeFemale>
    <disallowedTraits>
      <li>
        <key>Psychopath</key>
        <value>0</value>
      </li>
    </disallowedTraits>
    <spawnCategories>
      <li>Outlander</li>
      <li>Slave</li>
      <li>Trader</li>
      <li>Traveler</li>
    </spawnCategories>
  </REB_Code.BackstoryDef>
  <REB_Code.BackstoryDef>
    <defName>GlitterA04</defName>
    <slot>Adulthood</slot>
    <title>Glitterworld empath</title>
    <titleShort>Empath</titleShort>
    <baseDesc>NAME had an amazing ability to relate to others and mediate conflict. HECAP was selected to train as an empath. The training intensified HIS natural abilities, but HE became unable to harm others.</baseDesc>
    <workDisables>
      <li>Violent</li>
    </workDisables>
    <requiredWorkTags>
      <li>Social</li>
    </requiredWorkTags>
    <skillGains>
      <li>
        <key>Social</key>
        <value>8</value>
      </li>
      <li>
        <key>Medicine</key>
        <value>2</value>
      </li>
    </skillGains>
    <bodyTypeMale>Thin</bodyTypeMale>
    <bodyTypeFemale>Thin</bodyTypeFemale>
    <disallowedTraits>
      <li>
        <key>Psychopath</key>
        <value>0</value>
      </li>
    </disallowedTraits>
    <spawnCategories>
      <li>Outlander</li>
      <li>Slave</li>
      <li>Trader</li>
      <li>Traveler</li>
    </spawnCategories>
  </REB_Code.BackstoryDef>
  <REB_Code.BackstoryDef>
    <defName>GlitterA05</defName>
    <slot>Adulthood</slot>
    <title>Glitterworld officer</title>
    <titleShort>Officer</titleShort>
    <baseDesc>Though glitterworlds are peaceful places, they often remain prepared for war. NAME's unit rarely saw any real action. Though HE pursued HIS artistic hobbies, HIS subordinates preferred to entertain themselves by brawling, so NAME got good at breaking up fights.</baseDesc>
    <workDisables>
      <li>ManualDumb</li>
    </workDisables>
    <requiredWorkTags>
      <li>Violent</li>
    </requiredWorkTags>
    <skillGains>
      <li>
        <key>Melee</key>
        <value>6</value>
      </li>
      <li>
        <key>Artistic</key>
        <value>4</value>
      </li>
    </skillGains>
    <bodyTypeMale>Hulk</bodyTypeMale>
    <bodyTypeFemale>Hulk</bodyTypeFemale>
    <spawnCategories>
      <li>Outlander</li>
      <li>Outlander</li>
      <li>Slave</li>
      <li>Trader</li>
      <li>Traveler</li>
    </spawnCategories>
  </REB_Code.BackstoryDef>
  <REB_Code.BackstoryDef>
    <defName>GlitterA06</defName>
    <slot>Adulthood</slot>
    <title>Glitterworld surgeon</title>
    <titleShort>Surgeon</titleShort>
    <baseDesc>NAME worked as a surgeon on a world mostly free of disease and human suffering. HISCAP job mostly involved elaborate and creative cosmetic surgeries. HECAP has a good understanding of human biology, but never had to remove a cancer - or a bullet.</baseDesc>
    <requiredWorkTags>
      <li>Caring</li>
      <li>Artistic</li>
    </requiredWorkTags>
    <skillGains>
      <li>
        <key>Artistic</key>
        <value>5</value>
      </li>
      <li>
        <key>Medicine</key>
        <value>3</value>
      </li>
      <li>
        <key>Social</key>
        <value>1</value>
      </li>
    </skillGains>
    <bodyTypeMale>Male</bodyTypeMale>
    <bodyTypeFemale>Female</bodyTypeFemale>
    <spawnCategories>
      <li>Outlander</li>
      <li>Outlander</li>
      <li>Slave</li>
      <li>Trader</li>
      <li>Traveler</li>
    </spawnCategories>
  </REB_Code.BackstoryDef>
  <REB_Code.BackstoryDef>
    <defName>GlitterA07</defName>
    <slot>Adulthood</slot>
    <title>Novelist</title>
    <titleShort>Novelist</titleShort>
    <baseDesc>NAME lived on a glitterworld, penning wildly successful novels. HECAP lived a carefree lifestyle, spending HIS days writing and HIS nights partying... and never did a day's manual labour in HIS life.</baseDesc>
    <workDisables>
      <li>ManualDumb</li>
      <li>Social</li>
    </workDisables>
    <requiredWorkTags>
      <li>Intellectual</li>
    </requiredWorkTags>
    <skillGains>
      <li>
        <key>Construction</key>
        <value>-5</value>
      </li>
      <li>
        <key>Mining</key>
        <value>-5</value>
      </li>
      <li>
        <key>Artistic</key>
        <value>8</value>
      </li>
    </skillGains>
    <bodyTypeMale>Thin</bodyTypeMale>
    <bodyTypeFemale>Thin</bodyTypeFemale>
    <spawnCategories>
      <li>Outlander</li>
      <li>Outlander</li>
      <li>Slave</li>
      <li>Trader</li>
      <li>Traveler</li>
    </spawnCategories>
  </REB_Code.BackstoryDef>
  <REB_Code.BackstoryDef>
    <defName>GlitterA08</defName>
    <slot>Adulthood</slot>
    <title>Sculptor</title>
    <titleShort>Sculptor</titleShort>
    <baseDesc>NAME started off sculpting person-sized chunks of stone, but HE soon began to think bigger. With the help of mining robots, HECAP learned how to carve huge monuments out of cliffsides. Soon the nature parks of the glitterworld where HE lived were full of giant rock figures.</baseDesc>
    <workDisables>
      <li>ManualDumb</li>
      <li>Crafting</li>
      <li>Cooking</li>
    </workDisables>
    <requiredWorkTags>
      <li>Artistic</li>
    </requiredWorkTags>
    <skillGains>
      <li>
        <key>Growing</key>
        <value>-4</value>
      </li>
      <li>
        <key>Mining</key>
        <value>4</value>
      </li>
      <li>
        <key>Artistic</key>
        <value>9</value>
      </li>
    </skillGains>
    <bodyTypeMale>Fat</bodyTypeMale>
    <bodyTypeFemale>Fat</bodyTypeFemale>
    <spawnCategories>
      <li>Outlander</li>
      <li>Outlander</li>
      <li>Slave</li>
      <li>Trader</li>
      <li>Traveler</li>
    </spawnCategories>
  </REB_Code.BackstoryDef>
  <REB_Code.BackstoryDef>
    <defName>GlitterA09</defName>
    <slot>Adulthood</slot>
    <title>VR designer</title>
    <titleShort>Game dev</titleShort>
    <baseDesc>NAME designed virtual reality simulations for glitterworld citizens. HECAP paid great attention to the details of HIS worlds, including learning all HE could about plant life to make HIS landscapes more realistic.</baseDesc>
    <workDisables>
      <li>ManualDumb</li>
    </workDisables>
    <requiredWorkTags>
      <li>Artistic</li>
    </requiredWorkTags>
    <skillGains>
      <li>
        <key>Construction</key>
        <value>3</value>
      </li>
      <li>
        <key>Growing</key>
        <value>4</value>
      </li>
      <li>
        <key>Artistic</key>
        <value>5</value>
      </li>
    </skillGains>
    <bodyTypeMale>Thin</bodyTypeMale>
    <bodyTypeFemale>Thin</bodyTypeFemale>
    <spawnCategories>
      <li>Outlander</li>
      <li>Outlander</li>
      <li>Slave</li>
      <li>Trader</li>
      <li>Traveler</li>
    </spawnCategories>
  </REB_Code.BackstoryDef>
  <!-- ===== Medieval Backstories ===== -->
  <REB_Code.BackstoryDef>
    <defName>MedievalA01</defName>
    <slot>Adulthood</slot>
    <title>Blacksmith</title>
    <titleShort>Blacksmith</titleShort>
    <baseDesc>As a smith on a medieval world, NAME gained a reputation for the high quality of HIS work. HECAP wasn't bad at using the swords HE forged either.</baseDesc>
    <workDisables>
      <li>Intellectual</li>
    </workDisables>
    <requiredWorkTags>
      <li>ManualDumb</li>
      <li>ManualSkilled</li>
    </requiredWorkTags>
    <skillGains>
      <li>
        <key>Shooting</key>
        <value>-5</value>
      </li>
      <li>
        <key>Melee</key>
        <value>4</value>
      </li>
      <li>
        <key>Crafting</key>
        <value>6</value>
      </li>
    </skillGains>
    <bodyTypeMale>Male</bodyTypeMale>
    <bodyTypeFemale>Female</bodyTypeFemale>
    <spawnCategories>
      <li>Outlander</li>
      <li>Outlander</li>
      <li>Slave</li>
      <li>Trader</li>
      <li>Traveler</li>
    </spawnCategories>
  </REB_Code.BackstoryDef>
  <REB_Code.BackstoryDef>
    <defName>MedievalA02</defName>
    <slot>Adulthood</slot>
    <title>Herbalist</title>
    <titleShort>Herbalist</titleShort>
    <baseDesc>NAME lived in the forest near a village. Though many of the villagers feared HIM, sick villagers would come to HIM to purchase salves and poultices made from the herbs HE grew in HIS garden. HECAP was happy to help them - for a price.</baseDesc>
    <requiredWorkTags>
      <li>Caring</li>
      <li>PlantWork</li>
    </requiredWorkTags>
    <skillGains>
      <li>
        <key>Growing</key>
        <value>4</value>
      </li>
      <li>
        <key>Medicine</key>
        <value>4</value>
      </li>
      <li>
        <key>Social</key>
        <value>-2</value>
      </li>
    </skillGains>
    <bodyTypeMale>Thin</bodyTypeMale>
    <bodyTypeFemale>Thin</bodyTypeFemale>
    <spawnCategories>
      <li>Outlander</li>
      <li>Outlander</li>
      <li>Slave</li>
      <li>Trader</li>
      <li>Traveler</li>
    </spawnCategories>
  </REB_Code.BackstoryDef>
  <REB_Code.BackstoryDef>
    <defName>MedievalA03</defName>
    <slot>Adulthood</slot>
    <title>Medieval doctor</title>
    <titleShort>Quack</titleShort>
    <baseDesc>NAME worked as a doctor on a medieval planet. HECAP firmly believes that most ailments can be cured with a little bloodletting. HECAP was also a master anaesthetist, developing a specialty technique that involved a heavy blow to the head.</baseDesc>
    <skillGains>
      <li>
        <key>Melee</key>
        <value>6</value>
      </li>
      <li>
        <key>Medicine</key>
        <value>1</value>
      </li>
    </skillGains>
    <requiredWorkTags>
      <li>Caring</li>
    </requiredWorkTags>
    <bodyTypeMale>Male</bodyTypeMale>
    <bodyTypeFemale>Thin</bodyTypeFemale>
    <spawnCategories>
      <li>Outlander</li>
      <li>Outlander</li>
      <li>Slave</li>
      <li>Trader</li>
      <li>Traveler</li>
    </spawnCategories>
  </REB_Code.BackstoryDef>
  <REB_Code.BackstoryDef>
    <defName>MedievalA04</defName>
    <slot>Adulthood</slot>
    <title>Medieval farm oaf</title>
    <titleShort>Oaf</titleShort>
    <baseDesc>Tilling, hoeing, guiding ox carts, pushing wheelbarrows. Digging ditches, planting seeds, predicting the harvest. Medieval-level farmers aren't educated in the usual sense, but they know a lot about growing plants without technology. That said, such a life leaves one essentially incapable of participating in intellectual, technology-driven activities.</baseDesc>
    <skillGains>
      <li>
        <key>Growing</key>
        <value>8</value>
      </li>
      <li>
        <key>Mining</key>
        <value>3</value>
      </li>
    </skillGains>
    <workDisables>
      <li>Intellectual</li>
    </workDisables>
    <requiredWorkTags>
      <li>ManualDumb</li>
      <li>PlantWork</li>
      <li>Mining</li>
    </requiredWorkTags>
    <bodyTypeGlobal>Fat</bodyTypeGlobal>
    <spawnCategories>
      <li>Outlander</li>
      <li>Outlander</li>
      <li>Slave</li>
      <li>Trader</li>
      <li>Traveler</li>
    </spawnCategories>
  </REB_Code.BackstoryDef>
  <REB_Code.BackstoryDef>
    <defName>MedievalA05</defName>
    <slot>Adulthood</slot>
    <title>Medieval lord</title>
    <titleShort>Noble</titleShort>
    <baseDesc>NAME was a lord on a preindustrial planet. HECAP went to parties, managed the underlings, and even learned some swordplay. HISCAP soft hands did not hold a work tool during that entire time. HECAP considers manual labor to be beneath HIM.</baseDesc>
    <skillGains>
      <li>
        <key>Social</key>
        <value>7</value>
      </li>
      <li>
        <key>Melee</key>
        <value>5</value>
      </li>
      <li>
        <key>Shooting</key>
        <value>5</value>
      </li>
    </skillGains>
    <workDisables>
      <li>ManualDumb</li>
      <li>ManualSkilled</li>
    </workDisables>
    <requiredWorkTags>
      <li>Social</li>
    </requiredWorkTags>
    <bodyTypeMale>Hulk</bodyTypeMale>
    <bodyTypeFemale>Thin</bodyTypeFemale>
    <spawnCategories>
      <li>Outlander</li>
      <li>Outlander</li>
      <li>Slave</li>
      <li>Trader</li>
      <li>Traveler</li>
    </spawnCategories>
  </REB_Code.BackstoryDef>
  <REB_Code.BackstoryDef>
    <defName>MedievalA06</defName>
    <slot>Adulthood</slot>
    <title>Medieval minstrel</title>
    <titleShort>Minstrel</titleShort>
    <baseDesc>NAME was a traveling entertainer on a medieval world. HECAP could always be found telling stories or singing songs, and is capable of protecting HIMself from the dangers of the road. However, HECAP was always conspicuously absent whenever there was hard labour to be done.</baseDesc>
    <workDisables>
      <li>ManualSkilled</li>
      <li>Hauling</li>
    </workDisables>
    <skillGains>
      <li>
        <key>Social</key>
        <value>4</value>
      </li>
      <li>
        <key>Artistic</key>
        <value>3</value>
      </li>
      <li>
        <key>Melee</key>
        <value>2</value>
      </li>
    </skillGains>
    <bodyTypeMale>Fat</bodyTypeMale>
    <bodyTypeFemale>Fat</bodyTypeFemale>
    <spawnCategories>
      <li>Outlander</li>
      <li>Outlander</li>
      <li>Slave</li>
      <li>Trader</li>
      <li>Traveler</li>
    </spawnCategories>
  </REB_Code.BackstoryDef>
  <REB_Code.BackstoryDef>
    <defName>MedievalA07</defName>
    <slot>Adulthood</slot>
    <title>Message carrier</title>
    <titleShort>Messenger</titleShort>
    <baseDesc>On a medieval world, the fastest way to send a message is to give it to somebody on a horse and hope they survive the journey. NAME was that somebody.</baseDesc>
    <workDisables>
      <li>Intellectual</li>
    </workDisables>
    <skillGains>
      <li>
        <key>Melee</key>
        <value>3</value>
      </li>
      <li>
        <key>Animals</key>
        <value>4</value>
      </li>
    </skillGains>
    <bodyTypeMale>Hulk</bodyTypeMale>
    <bodyTypeFemale>Hulk</bodyTypeFemale>
    <spawnCategories>
      <li>Outlander</li>
      <li>Outlander</li>
      <li>Slave</li>
      <li>Trader</li>
      <li>Traveler</li>
    </spawnCategories>
  </REB_Code.BackstoryDef>
  <REB_Code.BackstoryDef>
    <defName>MedievalA08</defName>
    <slot>Adulthood</slot>
    <title>Taster</title>
    <titleShort>Taster</titleShort>
    <baseDesc>As the taster for a medieval king, any dish served at the royal table had to be sampled first by NAME. HECAP lived a decadent lifestyle at court, getting fat and doing very little work.</baseDesc>
    <workDisables>
      <li>ManualDumb</li>
    </workDisables>
    <requiredWorkTags>
      <li>Cooking</li>
    </requiredWorkTags>
    <skillGains>
      <li>
        <key>Cooking</key>
        <value>7</value>
      </li>
      <li>
        <key>Construction</key>
        <value>-4</value>
      </li>
      <li>
        <key>Crafting</key>
        <value>-4</value>
      </li>
    </skillGains>
    <bodyTypeMale>Fat</bodyTypeMale>
    <bodyTypeFemale>Fat</bodyTypeFemale>
    <spawnCategories>
      <li>Outlander</li>
      <li>Outlander</li>
      <li>Slave</li>
      <li>Trader</li>
      <li>Traveler</li>
    </spawnCategories>
  </REB_Code.BackstoryDef>
  <REB_Code.BackstoryDef>
    <defName>MedievalA09</defName>
    <slot>Adulthood</slot>
    <title>Torturer</title>
    <titleShort>Torturer</titleShort>
    <baseDesc>Working for a tyrannical monarch on a medieval world, NAME earned a reputation as an expert in "persuasion." Any prisoner who went down into the dungeons left with no secrets - and with NAME's smile scarred permanently into their nightmares.</baseDesc>
    <workDisables>
      <li>Social</li>
      <li>Caring</li>
    </workDisables>
    <requiredWorkTags>
      <li>Violent</li>
      <li>Firefighting</li>
    </requiredWorkTags>
    <skillGains>
      <li>
        <key>Melee</key>
        <value>6</value>
      </li>
    </skillGains>
    <bodyTypeMale>Male</bodyTypeMale>
    <bodyTypeFemale>Female</bodyTypeFemale>
    <forcedTraits>
      <li>
        <key>Psychopath</key>
        <value>0</value>
      </li>
    </forcedTraits>
    <spawnCategories>
      <li>Outlander</li>
      <li>Outlander</li>
      <li>Slave</li>
      <li>Trader</li>
      <li>Traveler</li>
    </spawnCategories>
  </REB_Code.BackstoryDef>
</Defs>