﻿<?xml version="1.0" encoding="utf-8"?>
<Defs>
  <REB_Code.BackstoryDef>
    <defName>PirateKingA01</defName>
    <slot>Adulthood</slot>
    <title>Addiction counsel</title>
    <titleShort>Counselor</titleShort>
    <baseDesc>After recovering from a joywire addiction, NAME adopted a non-violent way of life and vowed to help others. Travelling between communities, HE used medicine, arts, and crafts to aid others who struggled with their own addictions.</baseDesc>
    <skillGains>
      <li>
        <key>Social</key>
        <value>8</value>
      </li>
      <li>
        <key>Medicine</key>
        <value>3</value>
      </li>
      <li>
        <key>Artistic</key>
        <value>3</value>
      </li>
      <li>
        <key>Crafting</key>
        <value>3</value>
      </li>
    </skillGains>
    <bodyTypeMale>Thin</bodyTypeMale>
    <bodyTypeFemale>Thin</bodyTypeFemale>
    <spawnCategories>
      <li>Outlander</li>
      <li>Outlander</li>
      <li>Slave</li>
      <li>Trader</li>
      <li>Traveler</li>
    </spawnCategories>
  </REB_Code.BackstoryDef>
  <REB_Code.BackstoryDef>
    <defName>PirateKingA02</defName>
    <slot>Adulthood</slot>
    <title>AI programmer</title>
    <titleShort>Programmer</titleShort>
    <baseDesc>NAME enlisted in the military's robotics division, developing smarter combat AI. The whole time HE was there, HE never spoke with another human. HECAP spent all HIS time conversing with the AI HE was developing.</baseDesc>
    <workDisables>
      <li>PlantWork</li>
    </workDisables>
    <skillGains>
      <li>
        <key>Intellectual</key>
        <value>7</value>
      </li>
      <li>
        <key>Crafting</key>
        <value>6</value>
      </li>
    </skillGains>
    <bodyTypeMale>Male</bodyTypeMale>
    <bodyTypeFemale>Female</bodyTypeFemale>
    <spawnCategories>
      <li>Outlander</li>
      <li>Outlander</li>
      <li>Slave</li>
      <li>Trader</li>
      <li>Traveler</li>
    </spawnCategories>
  </REB_Code.BackstoryDef>
  <REB_Code.BackstoryDef>
    <defName>PirateKingA03</defName>
    <slot>Adulthood</slot>
    <title>Army scientist</title>
    <titleShort>Scientist</titleShort>
    <baseDesc>NAME did scientific research for a planetary army. HECAP studied war scenarios and designed weapon systems to help win battles with a minimum of fuss.</baseDesc>
    <skillGains>
      <li>
        <key>Intellectual</key>
        <value>8</value>
      </li>
      <li>
        <key>Medicine</key>
        <value>2</value>
      </li>
    </skillGains>
    <bodyTypeMale>Male</bodyTypeMale>
    <bodyTypeFemale>Female</bodyTypeFemale>
    <spawnCategories>
      <li>Outlander</li>
      <li>Outlander</li>
      <li>Slave</li>
      <li>Trader</li>
      <li>Traveler</li>
    </spawnCategories>
  </REB_Code.BackstoryDef>
  <REB_Code.BackstoryDef>
    <defName>PirateKingA04</defName>
    <slot>Adulthood</slot>
    <title>Artificer rampant</title>
    <titleShort>Artificer</titleShort>
    <baseDesc>Fuelled by the thrill of discovery and HIS own megalomania, NAME set out to invent new devices and improve existing ones, breaking laws and customs as necessary. HECAP formed a crew to gather materials for HIS work - and to deal with outsiders who might interfere.</baseDesc>
    <skillGains>
      <li>
        <key>Construction</key>
        <value>2</value>
      </li>
      <li>
        <key>Intellectual</key>
        <value>6</value>
      </li>
      <li>
        <key>Medicine</key>
        <value>2</value>
      </li>
      <li>
        <key>Crafting</key>
        <value>8</value>
      </li>
    </skillGains>
    <bodyTypeMale>Hulk</bodyTypeMale>
    <bodyTypeFemale>Hulk</bodyTypeFemale>
    <spawnCategories>
      <li>Outlander</li>
      <li>Outlander</li>
      <li>Slave</li>
      <li>Trader</li>
      <li>Traveler</li>
    </spawnCategories>
  </REB_Code.BackstoryDef>
  <REB_Code.BackstoryDef>
    <defName>PirateKingA05</defName>
    <slot>Adulthood</slot>
    <title>Bandit leader</title>
    <titleShort>Bandit</titleShort>
    <baseDesc>NAME rose up the ranks of the crime organization, eventually becoming the leader of one of their most remote cells of bandits. HISCAP dog Rest never left HIS side.</baseDesc>
    <workDisables>
      <li>Intellectual</li>
      <li>Cleaning</li>
    </workDisables>
    <skillGains>
      <li>
        <key>Shooting</key>
        <value>5</value>
      </li>
      <li>
        <key>Melee</key>
        <value>5</value>
      </li>
      <li>
        <key>Social</key>
        <value>2</value>
      </li>
    </skillGains>
    <bodyTypeMale>Hulk</bodyTypeMale>
    <bodyTypeFemale>Hulk</bodyTypeFemale>
    <spawnCategories>
      <li>Outlander</li>
      <li>Outlander</li>
      <li>Slave</li>
      <li>Trader</li>
      <li>Traveler</li>
    </spawnCategories>
  </REB_Code.BackstoryDef>
  <REB_Code.BackstoryDef>
    <defName>PirateKingA06</defName>
    <slot>Adulthood</slot>
    <title>Behaviour research</title>
    <titleShort>Scientist</titleShort>
    <baseDesc>Captured as a feral child, NAME was forced into the ways of modern society. HECAP quickly adapted and became a behavioural researcher, eventually owning a private facility. HECAP specialized in canines, but learned a great deal about all animals. HECAP never had interest in plants, however.</baseDesc>
    <workDisables>
      <li>Artistic</li>
    </workDisables>
    <skillGains>
      <li>
        <key>Growing</key>
        <value>-3</value>
      </li>
      <li>
        <key>Intellectual</key>
        <value>8</value>
      </li>
      <li>
        <key>Melee</key>
        <value>1</value>
      </li>
      <li>
        <key>Social</key>
        <value>2</value>
      </li>
      <li>
        <key>Cooking</key>
        <value>-2</value>
      </li>
      <li>
        <key>Medicine</key>
        <value>6</value>
      </li>
    </skillGains>
    <bodyTypeMale>Thin</bodyTypeMale>
    <bodyTypeFemale>Thin</bodyTypeFemale>
    <spawnCategories>
      <li>Outlander</li>
      <li>Outlander</li>
      <li>Slave</li>
      <li>Trader</li>
      <li>Traveler</li>
    </spawnCategories>
  </REB_Code.BackstoryDef>
  <REB_Code.BackstoryDef>
    <defName>PirateKingA07</defName>
    <slot>Adulthood</slot>
    <title>Blacksmith shooter</title>
    <titleShort>Gunsmith</titleShort>
    <baseDesc>As a young blacksmith, NAME's family shop was raided by the police. HECAP shot two officers before they knocked HIM out and arrested HIM. Sentenced to life in prison, NAME learned about traveling and raiding from other criminals.</baseDesc>
    <workDisables>
      <li>Intellectual</li>
    </workDisables>
    <skillGains>
      <li>
        <key>Construction</key>
        <value>3</value>
      </li>
      <li>
        <key>Shooting</key>
        <value>5</value>
      </li>
      <li>
        <key>Crafting</key>
        <value>3</value>
      </li>
    </skillGains>
    <bodyTypeMale>Thin</bodyTypeMale>
    <bodyTypeFemale>Thin</bodyTypeFemale>
    <spawnCategories>
      <li>Outlander</li>
      <li>Outlander</li>
      <li>Slave</li>
      <li>Trader</li>
      <li>Traveler</li>
    </spawnCategories>
  </REB_Code.BackstoryDef>
  <REB_Code.BackstoryDef>
    <defName>PirateKingA08</defName>
    <slot>Adulthood</slot>
    <title>Bounty hunter</title>
    <titleShort>Hunter</titleShort>
    <baseDesc>When the civil war ended, NAME had to find a new way to use HIS fighting skills. HECAP decided to hunt down war criminals and soon realized that HE enjoyed capturing bad guys by any means necessary.</baseDesc>
    <skillGains>
      <li>
        <key>Shooting</key>
        <value>5</value>
      </li>
      <li>
        <key>Melee</key>
        <value>3</value>
      </li>
      <li>
        <key>Social</key>
        <value>2</value>
      </li>
      <li>
        <key>Crafting</key>
        <value>2</value>
      </li>
    </skillGains>
    <bodyTypeMale>Male</bodyTypeMale>
    <bodyTypeFemale>Female</bodyTypeFemale>
    <spawnCategories>
      <li>Outlander</li>
      <li>Outlander</li>
      <li>Slave</li>
      <li>Trader</li>
      <li>Traveler</li>
    </spawnCategories>
  </REB_Code.BackstoryDef>
  <REB_Code.BackstoryDef>
    <defName>PirateKingA09</defName>
    <slot>Adulthood</slot>
    <title>Business gangster</title>
    <titleShort>Gangster</titleShort>
    <baseDesc>Staying one step ahead of the law, NAME became a legitimate businessperson and silenced anyone who dared say otherwise. As proprietor of brothels, speakeasies and eateries, NAME's good fortune continued while HIS competition suffered a series of unfortunate and unexplained accidents.</baseDesc>
    <workDisables>
      <li>Caring</li>
      <li>Cleaning</li>
      <li>PlantWork</li>
    </workDisables>
    <skillGains>
      <li>
        <key>Shooting</key>
        <value>3</value>
      </li>
      <li>
        <key>Melee</key>
        <value>5</value>
      </li>
      <li>
        <key>Social</key>
        <value>7</value>
      </li>
      <li>
        <key>Artistic</key>
        <value>2</value>
      </li>
    </skillGains>
    <bodyTypeMale>Thin</bodyTypeMale>
    <bodyTypeFemale>Thin</bodyTypeFemale>
    <spawnCategories>
      <li>Outlander</li>
      <li>Outlander</li>
      <li>Slave</li>
      <li>Trader</li>
      <li>Traveler</li>
    </spawnCategories>
  </REB_Code.BackstoryDef>
  <REB_Code.BackstoryDef>
    <defName>PirateKingA10</defName>
    <slot>Adulthood</slot>
    <title>Clone farmer</title>
    <titleShort>Cloner</titleShort>
    <baseDesc>Harvesting the products of clone farms is mostly done by the clones themselves - particularly to those whose sims tended towards the social. This clone was one such, who escaped from the farms and headed out to the stars.</baseDesc>
    <workDisables>
      <li>Cooking</li>
      <li>Firefighting</li>
      <li>Mining</li>
    </workDisables>
    <skillGains>
      <li>
        <key>Social</key>
        <value>6</value>
      </li>
      <li>
        <key>Medicine</key>
        <value>4</value>
      </li>
      <li>
        <key>Crafting</key>
        <value>2</value>
      </li>
    </skillGains>
    <bodyTypeMale>Thin</bodyTypeMale>
    <bodyTypeFemale>Thin</bodyTypeFemale>
    <spawnCategories>
      <li>Outlander</li>
      <li>Outlander</li>
      <li>Slave</li>
      <li>Trader</li>
      <li>Traveler</li>
    </spawnCategories>
  </REB_Code.BackstoryDef>
  <REB_Code.BackstoryDef>
    <defName>PirateKingA11</defName>
    <slot>Adulthood</slot>
    <title>Corp researcher</title>
    <titleShort>Researcher</titleShort>
    <baseDesc>NAME was a leading researcher for a massive space exploration corporation.</baseDesc>
    <skillGains>
      <li>
        <key>Intellectual</key>
        <value>8</value>
      </li>
      <li>
        <key>Social</key>
        <value>3</value>
      </li>
      <li>
        <key>Cooking</key>
        <value>-2</value>
      </li>
      <li>
        <key>Medicine</key>
        <value>6</value>
      </li>
      <li>
        <key>Crafting</key>
        <value>3</value>
      </li>
    </skillGains>
    <bodyTypeMale>Male</bodyTypeMale>
    <bodyTypeFemale>Female</bodyTypeFemale>
    <spawnCategories>
      <li>Outlander</li>
      <li>Outlander</li>
      <li>Slave</li>
      <li>Trader</li>
      <li>Traveler</li>
    </spawnCategories>
  </REB_Code.BackstoryDef>
  <REB_Code.BackstoryDef>
    <defName>PirateKingA12</defName>
    <slot>Adulthood</slot>
    <title>Crime lord</title>
    <titleShort>Crime lord</titleShort>
    <baseDesc>Through brutality and cruelty, NAME rose to the rank of crime lord. HECAP relied less on HIS fists and more on HIS guns. HISCAP reputation spread faster due to HIS cold-bloodedness and ruthless methods.</baseDesc>
    <workDisables>
      <li>Caring</li>
      <li>Artistic</li>
      <li>Cleaning</li>
    </workDisables>
    <skillGains>
      <li>
        <key>Intellectual</key>
        <value>2</value>
      </li>
      <li>
        <key>Shooting</key>
        <value>6</value>
      </li>
      <li>
        <key>Melee</key>
        <value>2</value>
      </li>
      <li>
        <key>Social</key>
        <value>3</value>
      </li>
    </skillGains>
    <bodyTypeMale>Male</bodyTypeMale>
    <bodyTypeFemale>Female</bodyTypeFemale>
    <spawnCategories>
      <li>Outlander</li>
      <li>Outlander</li>
      <li>Slave</li>
      <li>Trader</li>
      <li>Traveler</li>
    </spawnCategories>
  </REB_Code.BackstoryDef>
  <REB_Code.BackstoryDef>
    <defName>PirateKingA13</defName>
    <slot>Adulthood</slot>
    <title>Criminal tinker</title>
    <titleShort>Tinker</titleShort>
    <baseDesc>NAME joined a crew of mercenaries, helping to maintain their fusion reactor and nuclear weapons. HECAP quickly became their leader's right hand and took over when the opportunity arose, connecting the leader's shower to the ship's waste disposal acid.</baseDesc>
    <workDisables>
      <li>Cooking</li>
    </workDisables>
    <skillGains>
      <li>
        <key>Intellectual</key>
        <value>3</value>
      </li>
      <li>
        <key>Social</key>
        <value>4</value>
      </li>
      <li>
        <key>Crafting</key>
        <value>4</value>
      </li>
    </skillGains>
    <bodyTypeMale>Male</bodyTypeMale>
    <bodyTypeFemale>Female</bodyTypeFemale>
    <forcedTraits>
      <li>
        <key>Bloodlust</key>
        <value>0</value>
      </li>
    </forcedTraits>
    <spawnCategories>
      <li>Outlander</li>
      <li>Outlander</li>
      <li>Slave</li>
      <li>Trader</li>
      <li>Traveler</li>
    </spawnCategories>
  </REB_Code.BackstoryDef>
  <REB_Code.BackstoryDef>
    <defName>PirateKingA14</defName>
    <slot>Adulthood</slot>
    <title>Defense lawyer</title>
    <titleShort>Lawyer</titleShort>
    <baseDesc>NAME found that HE could make more money with a quick word than a blaster. Seeking a job where HIS silver tongue could be useful, HE turned to the law. HECAP often defended the illegal speeder racers HE grew up with.</baseDesc>
    <workDisables>
      <li>ManualDumb</li>
      <li>ManualSkilled</li>
      <li>Caring</li>
    </workDisables>
    <skillGains>
      <li>
        <key>Intellectual</key>
        <value>3</value>
      </li>
      <li>
        <key>Shooting</key>
        <value>3</value>
      </li>
      <li>
        <key>Social</key>
        <value>8</value>
      </li>
    </skillGains>
    <bodyTypeMale>Male</bodyTypeMale>
    <bodyTypeFemale>Female</bodyTypeFemale>
    <spawnCategories>
      <li>Outlander</li>
      <li>Outlander</li>
      <li>Slave</li>
      <li>Trader</li>
      <li>Traveler</li>
    </spawnCategories>
  </REB_Code.BackstoryDef>
  <REB_Code.BackstoryDef>
    <defName>PirateKingA15</defName>
    <slot>Adulthood</slot>
    <title>Destroyer-general</title>
    <titleShort>General</titleShort>
    <baseDesc>NAME held the rank of Destroyer-General in a powerful midworld military. HECAP was known for HIS mastery of weapons, and was also a good ship pilot.</baseDesc>
    <workDisables>
      <li>ManualDumb</li>
    </workDisables>
    <skillGains>
      <li>
        <key>Shooting</key>
        <value>8</value>
      </li>
      <li>
        <key>Melee</key>
        <value>4</value>
      </li>
      <li>
        <key>Social</key>
        <value>6</value>
      </li>
      <li>
        <key>Artistic</key>
        <value>-3</value>
      </li>
    </skillGains>
    <bodyTypeMale>Male</bodyTypeMale>
    <bodyTypeFemale>Female</bodyTypeFemale>
    <spawnCategories>
      <li>Outlander</li>
      <li>Outlander</li>
      <li>Slave</li>
      <li>Trader</li>
      <li>Traveler</li>
    </spawnCategories>
  </REB_Code.BackstoryDef>
  <REB_Code.BackstoryDef>
    <defName>PirateKingA16</defName>
    <slot>Adulthood</slot>
    <title>Doomsday pariah</title>
    <titleShort>Pariah</titleShort>
    <baseDesc>NAME managed to open a vault of otherworldly technology while scavenging a dig site. HE unwittingly triggered a doomsday device that cleansed the planet of all life. More interested in the tech than human life, HE boarded the vault's spacecraft and departed to find more relics to abuse.</baseDesc>
    <workDisables>
      <li>Caring</li>
      <li>Artistic</li>
    </workDisables>
    <skillGains>
      <li>
        <key>Construction</key>
        <value>2</value>
      </li>
      <li>
        <key>Intellectual</key>
        <value>3</value>
      </li>
      <li>
        <key>Shooting</key>
        <value>2</value>
      </li>
      <li>
        <key>Melee</key>
        <value>2</value>
      </li>
      <li>
        <key>Crafting</key>
        <value>2</value>
      </li>
    </skillGains>
    <bodyTypeMale>Male</bodyTypeMale>
    <bodyTypeFemale>Female</bodyTypeFemale>
    <spawnCategories>
      <li>Outlander</li>
      <li>Outlander</li>
      <li>Slave</li>
      <li>Trader</li>
      <li>Traveler</li>
    </spawnCategories>
  </REB_Code.BackstoryDef>
  <REB_Code.BackstoryDef>
    <defName>PirateKingA17</defName>
    <slot>Adulthood</slot>
    <title>Dreaded dude</title>
    <titleShort>Dude</titleShort>
    <baseDesc>Some followers say that NAME and HIS crew of misfits found the Fountain of Youth, many, many centuries ago, and that they caused the extinction of the dinosaurs on many planets. There's even a religion about them, somewhere, involving noodles and meatballs.</baseDesc>
    <workDisables>
      <li>Firefighting</li>
      <li>Cleaning</li>
    </workDisables>
    <skillGains>
      <li>
        <key>Intellectual</key>
        <value>6</value>
      </li>
      <li>
        <key>Mining</key>
        <value>-3</value>
      </li>
      <li>
        <key>Medicine</key>
        <value>2</value>
      </li>
      <li>
        <key>Artistic</key>
        <value>8</value>
      </li>
      <li>
        <key>Crafting</key>
        <value>4</value>
      </li>
    </skillGains>
    <bodyTypeMale>Male</bodyTypeMale>
    <bodyTypeFemale>Female</bodyTypeFemale>
    <spawnCategories>
      <li>Outlander</li>
      <li>Outlander</li>
      <li>Slave</li>
      <li>Trader</li>
      <li>Traveler</li>
    </spawnCategories>
  </REB_Code.BackstoryDef>
  <REB_Code.BackstoryDef>
    <defName>PirateKingA18</defName>
    <slot>Adulthood</slot>
    <title>Energy researcher</title>
    <titleShort>Researcher</titleShort>
    <baseDesc>NAME was working on an idea for rapid communication over long distances. HECAP made an error which destroyed HIS lab and most of the city. HECAP fled the planet to escape the authorities.</baseDesc>
    <workDisables>
      <li>Firefighting</li>
    </workDisables>
    <skillGains>
      <li>
        <key>Intellectual</key>
        <value>8</value>
      </li>
      <li>
        <key>Social</key>
        <value>-2</value>
      </li>
      <li>
        <key>Artistic</key>
        <value>-1</value>
      </li>
      <li>
        <key>Crafting</key>
        <value>2</value>
      </li>
    </skillGains>
    <bodyTypeMale>Thin</bodyTypeMale>
    <bodyTypeFemale>Thin</bodyTypeFemale>
    <spawnCategories>
      <li>Outlander</li>
      <li>Outlander</li>
      <li>Slave</li>
      <li>Trader</li>
      <li>Traveler</li>
    </spawnCategories>
  </REB_Code.BackstoryDef>
  <REB_Code.BackstoryDef>
    <defName>PirateKingA19</defName>
    <slot>Adulthood</slot>
    <title>Envoy of the stars</title>
    <titleShort>Envoy</titleShort>
    <baseDesc>NAME entered the diplomatic corps. Honor and tradition were the values HE took with HIM on every mission. HISCAP prestigious position distanced HIM from backbreaking manual labor, allowing HIM to focus on HIS wordsmithing abilities. HECAP left the blacksmithing to others.</baseDesc>
    <workDisables>
      <li>ManualDumb</li>
      <li>ManualSkilled</li>
    </workDisables>
    <skillGains>
      <li>
        <key>Shooting</key>
        <value>1</value>
      </li>
      <li>
        <key>Social</key>
        <value>8</value>
      </li>
      <li>
        <key>Medicine</key>
        <value>2</value>
      </li>
      <li>
        <key>Artistic</key>
        <value>2</value>
      </li>
    </skillGains>
    <bodyTypeMale>Male</bodyTypeMale>
    <bodyTypeFemale>Female</bodyTypeFemale>
    <spawnCategories>
      <li>Outlander</li>
      <li>Outlander</li>
      <li>Slave</li>
      <li>Trader</li>
      <li>Traveler</li>
    </spawnCategories>
  </REB_Code.BackstoryDef>
  <REB_Code.BackstoryDef>
    <defName>PirateKingA20</defName>
    <slot>Adulthood</slot>
    <title>Executive officer</title>
    <titleShort>Executive</titleShort>
    <baseDesc>NAME was an executive officer for a large space trading corporation. After a failed attempt at manipulating HIS way up the corporate ladder, HE was framed for the murder of another executive and her family. HECAP was found guilty. However, because of HIS family's influence, HE was exiled instead of put to death.</baseDesc>
    <workDisables>
      <li>Caring</li>
    </workDisables>
    <skillGains>
      <li>
        <key>Construction</key>
        <value>3</value>
      </li>
      <li>
        <key>Intellectual</key>
        <value>4</value>
      </li>
      <li>
        <key>Melee</key>
        <value>2</value>
      </li>
      <li>
        <key>Social</key>
        <value>7</value>
      </li>
    </skillGains>
    <bodyTypeMale>Male</bodyTypeMale>
    <bodyTypeFemale>Female</bodyTypeFemale>
    <spawnCategories>
      <li>Outlander</li>
      <li>Outlander</li>
      <li>Slave</li>
      <li>Trader</li>
      <li>Traveler</li>
    </spawnCategories>
  </REB_Code.BackstoryDef>
  <REB_Code.BackstoryDef>
    <defName>PirateKingA21</defName>
    <slot>Adulthood</slot>
    <title>Exiled researcher</title>
    <titleShort>Exile</titleShort>
    <baseDesc>NAME's love of robotics was not appreciated in HIS technophobic empire. The High Cardinal of the system excommunicated HIM, and HE was never allowed to return.</baseDesc>
    <skillGains>
      <li>
        <key>Intellectual</key>
        <value>8</value>
      </li>
      <li>
        <key>Shooting</key>
        <value>2</value>
      </li>
      <li>
        <key>Medicine</key>
        <value>4</value>
      </li>
      <li>
        <key>Artistic</key>
        <value>2</value>
      </li>
      <li>
        <key>Crafting</key>
        <value>3</value>
      </li>
    </skillGains>
    <bodyTypeMale>Male</bodyTypeMale>
    <bodyTypeFemale>Female</bodyTypeFemale>
    <spawnCategories>
      <li>Outlander</li>
      <li>Outlander</li>
      <li>Slave</li>
      <li>Trader</li>
      <li>Traveler</li>
    </spawnCategories>
  </REB_Code.BackstoryDef>
  <REB_Code.BackstoryDef>
    <defName>PirateKingA22</defName>
    <slot>Adulthood</slot>
    <title>Faction leader</title>
    <titleShort>Leader</titleShort>
    <baseDesc>Early in HIS adulthood, NAME found HIMself surrounded by a gaggle of low-lifes. For fun, HE gathered them and lead them to a certain death. HECAP knew then that HE had the talent to realize HIS ambitions of leadership.</baseDesc>
    <workDisables>
      <li>Cleaning</li>
    </workDisables>
    <skillGains>
      <li>
        <key>Intellectual</key>
        <value>3</value>
      </li>
      <li>
        <key>Melee</key>
        <value>2</value>
      </li>
      <li>
        <key>Social</key>
        <value>8</value>
      </li>
      <li>
        <key>Medicine</key>
        <value>2</value>
      </li>
    </skillGains>
    <bodyTypeGlobal>Fat</bodyTypeGlobal>
    <spawnCategories>
      <li>Outlander</li>
      <li>Outlander</li>
      <li>Slave</li>
      <li>Trader</li>
      <li>Traveler</li>
    </spawnCategories>
  </REB_Code.BackstoryDef>
  <REB_Code.BackstoryDef>
    <defName>PirateKingA23</defName>
    <slot>Adulthood</slot>
    <title>Fervent researcher</title>
    <titleShort>Researcher</titleShort>
    <baseDesc>As a young adult, NAME was sure that HIS planet and its people were nearing their time of transcendence. A firm belief that HIS research would be the catalyst drove HIM to increasingly alarming acts as bureaucrats and bioethics committees worked to stall HIS progress.</baseDesc>
    <workDisables>
      <li>ManualDumb</li>
      <li>ManualSkilled</li>
    </workDisables>
    <skillGains>
      <li>
        <key>Intellectual</key>
        <value>6</value>
      </li>
      <li>
        <key>Shooting</key>
        <value>2</value>
      </li>
      <li>
        <key>Medicine</key>
        <value>8</value>
      </li>
    </skillGains>
    <bodyTypeMale>Male</bodyTypeMale>
    <bodyTypeFemale>Female</bodyTypeFemale>
    <spawnCategories>
      <li>Outlander</li>
      <li>Outlander</li>
      <li>Slave</li>
      <li>Trader</li>
      <li>Traveler</li>
    </spawnCategories>
  </REB_Code.BackstoryDef>
  <REB_Code.BackstoryDef>
    <defName>PirateKingA24</defName>
    <slot>Adulthood</slot>
    <title>Fighter controller</title>
    <titleShort>Controller</titleShort>
    <baseDesc>During the Zartha crisis, NAME fought across many worlds, providing the vital link between the ground and the air as a fighter controller. During the campaign, HE saw friends injured and killed. This mental trauma haunts HIS dreams to this day, but HIS aim remains sharp.</baseDesc>
    <workDisables>
      <li>Intellectual</li>
      <li>Artistic</li>
    </workDisables>
    <skillGains>
      <li>
        <key>Shooting</key>
        <value>5</value>
      </li>
      <li>
        <key>Melee</key>
        <value>5</value>
      </li>
      <li>
        <key>Social</key>
        <value>2</value>
      </li>
      <li>
        <key>Cooking</key>
        <value>1</value>
      </li>
      <li>
        <key>Medicine</key>
        <value>3</value>
      </li>
    </skillGains>
    <bodyTypeMale>Male</bodyTypeMale>
    <bodyTypeFemale>Female</bodyTypeFemale>
    <spawnCategories>
      <li>Outlander</li>
      <li>Outlander</li>
      <li>Slave</li>
      <li>Trader</li>
      <li>Traveler</li>
    </spawnCategories>
  </REB_Code.BackstoryDef>
  <REB_Code.BackstoryDef>
    <defName>PirateKingA25</defName>
    <slot>Adulthood</slot>
    <title>Flaneur</title>
    <titleShort>Flaneur</titleShort>
    <baseDesc>NAME strolled and sipped HIS way through the streets and cafes of HIS world, pursuing freedom at every turn, never becoming attached. Through all this time, HE remained distrustful of others. And never took an order from anyone.</baseDesc>
    <skillGains>
      <li>
        <key>Intellectual</key>
        <value>3</value>
      </li>
      <li>
        <key>Social</key>
        <value>6</value>
      </li>
      <li>
        <key>Cooking</key>
        <value>3</value>
      </li>
      <li>
        <key>Artistic</key>
        <value>3</value>
      </li>
    </skillGains>
    <bodyTypeMale>Male</bodyTypeMale>
    <bodyTypeFemale>Female</bodyTypeFemale>
    <spawnCategories>
      <li>Outlander</li>
      <li>Outlander</li>
      <li>Slave</li>
      <li>Trader</li>
      <li>Traveler</li>
    </spawnCategories>
  </REB_Code.BackstoryDef>
  <REB_Code.BackstoryDef>
    <defName>PirateKingA26</defName>
    <slot>Adulthood</slot>
    <title>Gang boss</title>
    <titleShort>Boss</titleShort>
    <baseDesc>To survive, NAME's gang often had to rob interstellar traders for food and supplies. Sometimes HE had to kill the guards. Sometimes HE had to kill the police who arrived to stop HIM. After years of this, HE became one of the most-wanted criminals in the local stellar empire.</baseDesc>
    <workDisables>
      <li>Animals</li>
    </workDisables>
    <skillGains>
      <li>
        <key>Construction</key>
        <value>4</value>
      </li>
      <li>
        <key>Shooting</key>
        <value>8</value>
      </li>
      <li>
        <key>Melee</key>
        <value>6</value>
      </li>
      <li>
        <key>Social</key>
        <value>-3</value>
      </li>
      <li>
        <key>Medicine</key>
        <value>3</value>
      </li>
    </skillGains>
    <bodyTypeMale>Hulk</bodyTypeMale>
    <bodyTypeFemale>Hulk</bodyTypeFemale>
    <spawnCategories>
      <li>Outlander</li>
      <li>Outlander</li>
      <li>Slave</li>
      <li>Trader</li>
      <li>Traveler</li>
    </spawnCategories>
  </REB_Code.BackstoryDef>
  <REB_Code.BackstoryDef>
    <defName>PirateKingA27</defName>
    <slot>Adulthood</slot>
    <title>Gnomebiologist</title>
    <titleShort>Biologist</titleShort>
    <baseDesc>NAME was a xenobiology professor in a glitterworld university. HECAP went to conferences and managed an art gallery. However, HE never stopped sculpting yard gnomes, and considers this to be HIS true profession.</baseDesc>
    <workDisables>
      <li>Cooking</li>
      <li>Firefighting</li>
      <li>Cleaning</li>
    </workDisables>
    <skillGains>
      <li>
        <key>Intellectual</key>
        <value>4</value>
      </li>
      <li>
        <key>Social</key>
        <value>4</value>
      </li>
      <li>
        <key>Artistic</key>
        <value>7</value>
      </li>
      <li>
        <key>Crafting</key>
        <value>4</value>
      </li>
    </skillGains>
    <bodyTypeMale>Male</bodyTypeMale>
    <bodyTypeFemale>Female</bodyTypeFemale>
    <spawnCategories>
      <li>Outlander</li>
      <li>Outlander</li>
      <li>Slave</li>
      <li>Trader</li>
      <li>Traveler</li>
    </spawnCategories>
  </REB_Code.BackstoryDef>
  <REB_Code.BackstoryDef>
    <defName>PirateKingA28</defName>
    <slot>Adulthood</slot>
    <title>Healer</title>
    <titleShort>Healer</titleShort>
    <baseDesc>NAME took the time to admire the beauty of the world. HISCAP passive aggressiveness surfaced once in a while, but HE tried to adapt to HIS changing life.</baseDesc>
    <workDisables>
      <li>ManualDumb</li>
      <li>Mining</li>
    </workDisables>
    <skillGains>
      <li>
        <key>Growing</key>
        <value>5</value>
      </li>
      <li>
        <key>Medicine</key>
        <value>7</value>
      </li>
    </skillGains>
    <bodyTypeMale>Male</bodyTypeMale>
    <bodyTypeFemale>Female</bodyTypeFemale>
    <spawnCategories>
      <li>Outlander</li>
      <li>Outlander</li>
      <li>Slave</li>
      <li>Trader</li>
      <li>Traveler</li>
    </spawnCategories>
  </REB_Code.BackstoryDef>
  <REB_Code.BackstoryDef>
    <defName>PirateKingA29</defName>
    <slot>Adulthood</slot>
    <title>Hired gun</title>
    <titleShort>Hired gun</titleShort>
    <baseDesc>NAME always wanted to prove HE could make a living without HIS parents' help. HECAP did shady jobs that often involved pointing guns at innocent people. HECAP eventually made enough money to board a cheap freighter. HECAP discovered why it was so cheap when it crashed.</baseDesc>
    <workDisables>
      <li>PlantWork</li>
    </workDisables>
    <skillGains>
      <li>
        <key>Shooting</key>
        <value>6</value>
      </li>
      <li>
        <key>Melee</key>
        <value>2</value>
      </li>
      <li>
        <key>Cooking</key>
        <value>2</value>
      </li>
      <li>
        <key>Medicine</key>
        <value>3</value>
      </li>
    </skillGains>
    <bodyTypeMale>Male</bodyTypeMale>
    <bodyTypeFemale>Female</bodyTypeFemale>
    <spawnCategories>
      <li>Outlander</li>
      <li>Outlander</li>
      <li>Slave</li>
      <li>Trader</li>
      <li>Traveler</li>
    </spawnCategories>
  </REB_Code.BackstoryDef>
  <REB_Code.BackstoryDef>
    <defName>PirateKingA30</defName>
    <slot>Adulthood</slot>
    <title>Hunter</title>
    <titleShort>Hunter</titleShort>
    <baseDesc>NAME was a master hunter. HECAP learned to track and trap any animal in the most dangerous of places, and had deep knowledge of many ingenious methods for taking down specific large animals.</baseDesc>
    <workDisables>
      <li>Mining</li>
    </workDisables>
    <skillGains>
      <li>
        <key>Growing</key>
        <value>2</value>
      </li>
      <li>
        <key>Shooting</key>
        <value>6</value>
      </li>
      <li>
        <key>Medicine</key>
        <value>4</value>
      </li>
    </skillGains>
    <bodyTypeMale>Male</bodyTypeMale>
    <bodyTypeFemale>Female</bodyTypeFemale>
    <spawnCategories>
      <li>Outlander</li>
      <li>Outlander</li>
      <li>Slave</li>
      <li>Trader</li>
      <li>Traveler</li>
    </spawnCategories>
  </REB_Code.BackstoryDef>
  <REB_Code.BackstoryDef>
    <defName>PirateKingA31</defName>
    <slot>Adulthood</slot>
    <title>Intelligence agent</title>
    <titleShort>Agent</titleShort>
    <baseDesc>Because of HIS hacking skills, NAME was recruited by HIS home planet's governing body to serve as an intelligence agent. The government trained HIM in combat, but HE prefers psychological warfare. Government rules proved too strict for HIM, so HE went rogue. HISCAP current activities are unknown.</baseDesc>
    <workDisables>
      <li>Artistic</li>
    </workDisables>
    <skillGains>
      <li>
        <key>Shooting</key>
        <value>7</value>
      </li>
      <li>
        <key>Melee</key>
        <value>4</value>
      </li>
      <li>
        <key>Social</key>
        <value>8</value>
      </li>
    </skillGains>
    <bodyTypeMale>Hulk</bodyTypeMale>
    <bodyTypeFemale>Hulk</bodyTypeFemale>
    <spawnCategories>
      <li>Outlander</li>
      <li>Outlander</li>
      <li>Slave</li>
      <li>Trader</li>
      <li>Traveler</li>
    </spawnCategories>
  </REB_Code.BackstoryDef>
  <REB_Code.BackstoryDef>
    <defName>PirateKingA32</defName>
    <slot>Adulthood</slot>
    <title>Involuntary hermit</title>
    <titleShort>Hermit</titleShort>
    <baseDesc>NAME's escape pod was jettisoned onto an unexplored region of a frontier world. HECAP eked out a lonely existence with only a herd of muffalo for company. Later, HE was spotted clad in pygmy wombat furs, discussing the importance of hoof hygiene with a group of elderly muffalo.</baseDesc>
    <workDisables>
      <li>Caring</li>
      <li>Artistic</li>
      <li>Cleaning</li>
    </workDisables>
    <skillGains>
      <li>
        <key>Construction</key>
        <value>1</value>
      </li>
      <li>
        <key>Growing</key>
        <value>3</value>
      </li>
      <li>
        <key>Melee</key>
        <value>4</value>
      </li>
      <li>
        <key>Crafting</key>
        <value>3</value>
      </li>
    </skillGains>
    <bodyTypeMale>Thin</bodyTypeMale>
    <bodyTypeFemale>Thin</bodyTypeFemale>
    <spawnCategories>
      <li>Outlander</li>
      <li>Outlander</li>
      <li>Slave</li>
      <li>Trader</li>
      <li>Traveler</li>
    </spawnCategories>
  </REB_Code.BackstoryDef>
  <REB_Code.BackstoryDef>
    <defName>PirateKingA33</defName>
    <slot>Adulthood</slot>
    <title>Lost marine</title>
    <titleShort>Traitor</titleShort>
    <baseDesc>Shortly after being promoted to a respected position in HIS planet's military, NAME disappeared without a trace. Later, HE reappeared at the head of HIS own military force. No one knows why HE became who HE was.</baseDesc>
    <workDisables>
      <li>ManualDumb</li>
      <li>Mining</li>
    </workDisables>
    <skillGains>
      <li>
        <key>Shooting</key>
        <value>7</value>
      </li>
      <li>
        <key>Melee</key>
        <value>5</value>
      </li>
      <li>
        <key>Medicine</key>
        <value>2</value>
      </li>
      <li>
        <key>Crafting</key>
        <value>6</value>
      </li>
    </skillGains>
    <bodyTypeMale>Hulk</bodyTypeMale>
    <bodyTypeFemale>Hulk</bodyTypeFemale>
    <spawnCategories>
      <li>Outlander</li>
      <li>Outlander</li>
      <li>Slave</li>
      <li>Trader</li>
      <li>Traveler</li>
    </spawnCategories>
  </REB_Code.BackstoryDef>
  <REB_Code.BackstoryDef>
    <defName>PirateKingA34</defName>
    <slot>Adulthood</slot>
    <title>Machine fixer</title>
    <titleShort>Fixer</titleShort>
    <baseDesc>NAME was adept at dealing with mechanical problems, as long as the problem didn't involve the kitchen. After a life spent around dangerous machinery and flammable chemicals, HE learned how to patch HIMself up pretty well. Despite the pain, HE never learned to dislike fire.</baseDesc>
    <workDisables>
      <li>Cooking</li>
      <li>Firefighting</li>
    </workDisables>
    <skillGains>
      <li>
        <key>Construction</key>
        <value>5</value>
      </li>
      <li>
        <key>Medicine</key>
        <value>5</value>
      </li>
      <li>
        <key>Crafting</key>
        <value>3</value>
      </li>
    </skillGains>
    <bodyTypeMale>Male</bodyTypeMale>
    <bodyTypeFemale>Female</bodyTypeFemale>
    <spawnCategories>
      <li>Outlander</li>
      <li>Outlander</li>
      <li>Slave</li>
      <li>Trader</li>
      <li>Traveler</li>
    </spawnCategories>
  </REB_Code.BackstoryDef>
  <REB_Code.BackstoryDef>
    <defName>PirateKingA35</defName>
    <slot>Adulthood</slot>
    <title>Mad scientist</title>
    <titleShort>Scientist</titleShort>
    <baseDesc>Stripped of HIS life's work and exiled after HIS unethical experiments on the survivors of the Callos IX incident were published, NAME learned the skills necessary to survive in the outer rim. Continuing HIS research with nothing left to lose, HE made minions to carry out the tasks that bored HIM.</baseDesc>
    <workDisables>
      <li>Hauling</li>
      <li>Mining</li>
    </workDisables>
    <skillGains>
      <li>
        <key>Intellectual</key>
        <value>5</value>
      </li>
      <li>
        <key>Shooting</key>
        <value>5</value>
      </li>
      <li>
        <key>Medicine</key>
        <value>4</value>
      </li>
      <li>
        <key>Crafting</key>
        <value>2</value>
      </li>
    </skillGains>
    <bodyTypeMale>Thin</bodyTypeMale>
    <bodyTypeFemale>Thin</bodyTypeFemale>
    <forcedTraits>
      <li>
        <key>Psychopath</key>
        <value>0</value>
      </li>
    </forcedTraits>
    <spawnCategories>
      <li>Outlander</li>
      <li>Outlander</li>
      <li>Slave</li>
      <li>Trader</li>
      <li>Traveler</li>
    </spawnCategories>
  </REB_Code.BackstoryDef>
  <REB_Code.BackstoryDef>
    <defName>PirateKingA36</defName>
    <slot>Adulthood</slot>
    <title>Mad scientist</title>
    <titleShort>Scientist</titleShort>
    <baseDesc>NAME's lust for knowledge was only matched by HIS disdain for anyone who would stand in the way of HIS research. Traveling from world to world, HE sought answers to questions few dared to ask.</baseDesc>
    <workDisables>
      <li>Caring</li>
      <li>Animals</li>
      <li>Artistic</li>
    </workDisables>
    <skillGains>
      <li>
        <key>Construction</key>
        <value>3</value>
      </li>
      <li>
        <key>Intellectual</key>
        <value>7</value>
      </li>
      <li>
        <key>Social</key>
        <value>-2</value>
      </li>
    </skillGains>
    <bodyTypeMale>Male</bodyTypeMale>
    <bodyTypeFemale>Female</bodyTypeFemale>
    <forcedTraits>
      <li>
        <key>Psychopath</key>
        <value>0</value>
      </li>
    </forcedTraits>
    <spawnCategories>
      <li>Outlander</li>
      <li>Outlander</li>
      <li>Slave</li>
      <li>Trader</li>
      <li>Traveler</li>
    </spawnCategories>
  </REB_Code.BackstoryDef>
  <REB_Code.BackstoryDef>
    <defName>PirateKingA37</defName>
    <slot>Adulthood</slot>
    <title>Marble doctor</title>
    <titleShort>Doctor</titleShort>
    <baseDesc>On a bomb-blasted world, first aid is often the only aid. NAME used HIS medical skills to help the injured and the sick. HECAP believed that while guns and machines may be powerful, a doctor is even more so.</baseDesc>
    <skillGains>
      <li>
        <key>Intellectual</key>
        <value>4</value>
      </li>
      <li>
        <key>Medicine</key>
        <value>8</value>
      </li>
    </skillGains>
    <bodyTypeMale>Male</bodyTypeMale>
    <bodyTypeFemale>Female</bodyTypeFemale>
    <spawnCategories>
      <li>Outlander</li>
      <li>Outlander</li>
      <li>Slave</li>
      <li>Trader</li>
      <li>Traveler</li>
    </spawnCategories>
  </REB_Code.BackstoryDef>
  <REB_Code.BackstoryDef>
    <defName>PirateKingA38</defName>
    <slot>Adulthood</slot>
    <title>Master trader</title>
    <titleShort>Trader</titleShort>
    <baseDesc>NAME was a master at trading. HECAP earned HIS nickname by helping a village through a trying time.</baseDesc>
    <workDisables>
      <li>Mining</li>
    </workDisables>
    <skillGains>
      <li>
        <key>Social</key>
        <value>8</value>
      </li>
      <li>
        <key>Cooking</key>
        <value>2</value>
      </li>
      <li>
        <key>Artistic</key>
        <value>4</value>
      </li>
    </skillGains>
    <bodyTypeMale>Male</bodyTypeMale>
    <bodyTypeFemale>Female</bodyTypeFemale>
    <spawnCategories>
      <li>Outlander</li>
      <li>Outlander</li>
      <li>Slave</li>
      <li>Trader</li>
      <li>Traveler</li>
    </spawnCategories>
  </REB_Code.BackstoryDef>
  <REB_Code.BackstoryDef>
    <defName>PirateKingA39</defName>
    <slot>Adulthood</slot>
    <title>Midworld sailor</title>
    <titleShort>Sailor</titleShort>
    <baseDesc>NAME joined HIS country's Royal Navy. After years as a non-commissioned officer, HE eventually cracked and used the skills HE had acquired to start a mutiny on HIS ship. In the end, NAME was the leader of a large group of trained and dangerous pirates. HECAP henceforth always had chefs to cook for HIM.</baseDesc>
    <workDisables>
      <li>Cooking</li>
    </workDisables>
    <skillGains>
      <li>
        <key>Construction</key>
        <value>3</value>
      </li>
      <li>
        <key>Shooting</key>
        <value>4</value>
      </li>
      <li>
        <key>Melee</key>
        <value>3</value>
      </li>
      <li>
        <key>Social</key>
        <value>4</value>
      </li>
    </skillGains>
    <bodyTypeMale>Male</bodyTypeMale>
    <bodyTypeFemale>Female</bodyTypeFemale>
    <spawnCategories>
      <li>Outlander</li>
      <li>Outlander</li>
      <li>Slave</li>
      <li>Trader</li>
      <li>Traveler</li>
    </spawnCategories>
  </REB_Code.BackstoryDef>
  <REB_Code.BackstoryDef>
    <defName>PirateKingA40</defName>
    <slot>Adulthood</slot>
    <title>Mutinous captain</title>
    <titleShort>Captain</titleShort>
    <baseDesc>NAME was taken to the stars by slavers after HIS tribe was decimated in a raid. Over the years HE learned the language of HIS captors, eventually working for them as an interpreter and diplomat. The captain only learned of NAME's true cunning when revenge was taken by form of mutiny.</baseDesc>
    <skillGains>
      <li>
        <key>Shooting</key>
        <value>4</value>
      </li>
      <li>
        <key>Social</key>
        <value>8</value>
      </li>
    </skillGains>
    <bodyTypeMale>Male</bodyTypeMale>
    <bodyTypeFemale>Female</bodyTypeFemale>
    <spawnCategories>
      <li>Outlander</li>
      <li>Outlander</li>
      <li>Slave</li>
      <li>Trader</li>
      <li>Traveler</li>
    </spawnCategories>
  </REB_Code.BackstoryDef>
  <REB_Code.BackstoryDef>
    <defName>PirateKingA41</defName>
    <slot>Adulthood</slot>
    <title>Neuro scientist</title>
    <titleShort>Scientist</titleShort>
    <baseDesc>NAME worked for a long time to improve the world's understanding of the human brain. After succeeding in mapping the whole brain, HE joined a team of scientist on a quest to map the brains of xeno species.</baseDesc>
    <skillGains>
      <li>
        <key>Intellectual</key>
        <value>8</value>
      </li>
      <li>
        <key>Social</key>
        <value>2</value>
      </li>
      <li>
        <key>Medicine</key>
        <value>3</value>
      </li>
    </skillGains>
    <bodyTypeMale>Male</bodyTypeMale>
    <bodyTypeFemale>Female</bodyTypeFemale>
    <spawnCategories>
      <li>Outlander</li>
      <li>Outlander</li>
      <li>Slave</li>
      <li>Trader</li>
      <li>Traveler</li>
    </spawnCategories>
  </REB_Code.BackstoryDef>
  <REB_Code.BackstoryDef>
    <defName>PirateKingA42</defName>
    <slot>Adulthood</slot>
    <title>Particle physicist</title>
    <titleShort>Physicist</titleShort>
    <baseDesc>NAME performed cutting-edge physics research. HECAP wanted to help build a better and more peaceful future.</baseDesc>
    <skillGains>
      <li>
        <key>Growing</key>
        <value>2</value>
      </li>
      <li>
        <key>Intellectual</key>
        <value>8</value>
      </li>
      <li>
        <key>Medicine</key>
        <value>3</value>
      </li>
      <li>
        <key>Artistic</key>
        <value>3</value>
      </li>
    </skillGains>
    <bodyTypeMale>Male</bodyTypeMale>
    <bodyTypeFemale>Female</bodyTypeFemale>
    <spawnCategories>
      <li>Outlander</li>
      <li>Outlander</li>
      <li>Slave</li>
      <li>Trader</li>
      <li>Traveler</li>
    </spawnCategories>
  </REB_Code.BackstoryDef>
  <REB_Code.BackstoryDef>
    <defName>PirateKingA43</defName>
    <slot>Adulthood</slot>
    <title>Pirate captain</title>
    <titleShort>Captain</titleShort>
    <baseDesc>NAME worked HIS way up through the ranks of a pirate ship, eventually becoming captain. HECAP leads HIS crew between worlds, making a name to remember.</baseDesc>
    <skillGains>
      <li>
        <key>Shooting</key>
        <value>5</value>
      </li>
      <li>
        <key>Melee</key>
        <value>5</value>
      </li>
      <li>
        <key>Social</key>
        <value>6</value>
      </li>
    </skillGains>
    <bodyTypeMale>Hulk</bodyTypeMale>
    <bodyTypeFemale>Hulk</bodyTypeFemale>
    <spawnCategories>
      <li>Outlander</li>
      <li>Outlander</li>
      <li>Slave</li>
      <li>Trader</li>
      <li>Traveler</li>
    </spawnCategories>
  </REB_Code.BackstoryDef>
  <REB_Code.BackstoryDef>
    <defName>PirateKingA44</defName>
    <slot>Adulthood</slot>
    <title>Pirate king</title>
    <titleShort>Pirate</titleShort>
    <baseDesc>With no real care for other people, NAME fit in perfectly with the pirate crew that HE had once been a captive of. Shortly after becoming one of the crew, NAME began to kill anyone or anything that got in HIS way - including HIS crew mates.</baseDesc>
    <workDisables>
      <li>Caring</li>
      <li>Social</li>
    </workDisables>
    <skillGains>
      <li>
        <key>Shooting</key>
        <value>7</value>
      </li>
      <li>
        <key>Melee</key>
        <value>5</value>
      </li>
      <li>
        <key>Artistic</key>
        <value>-2</value>
      </li>
    </skillGains>
    <bodyTypeMale>Male</bodyTypeMale>
    <bodyTypeFemale>Female</bodyTypeFemale>
    <spawnCategories>
      <li>Outlander</li>
      <li>Outlander</li>
      <li>Slave</li>
      <li>Trader</li>
      <li>Traveler</li>
    </spawnCategories>
  </REB_Code.BackstoryDef>
  <REB_Code.BackstoryDef>
    <defName>PirateKingA45</defName>
    <slot>Adulthood</slot>
    <title>Pirate surveyor</title>
    <titleShort>Surveyor</titleShort>
    <baseDesc>As a surveyor for Geotek Corporation, NAME's job was to search for new salvage sites. However, HIS real desire was to find an ancient artifact amongst the ruins to sell on the black market. When HE finally stumbled across one, the company tried to retrieve it by force. NAME escaped with HIS bounty and began a life of piracy.</baseDesc>
    <skillGains>
      <li>
        <key>Construction</key>
        <value>2</value>
      </li>
      <li>
        <key>Intellectual</key>
        <value>4</value>
      </li>
      <li>
        <key>Mining</key>
        <value>7</value>
      </li>
      <li>
        <key>Social</key>
        <value>2</value>
      </li>
    </skillGains>
    <bodyTypeMale>Male</bodyTypeMale>
    <bodyTypeFemale>Female</bodyTypeFemale>
    <spawnCategories>
      <li>Outlander</li>
      <li>Outlander</li>
      <li>Slave</li>
      <li>Trader</li>
      <li>Traveler</li>
    </spawnCategories>
  </REB_Code.BackstoryDef>
  <REB_Code.BackstoryDef>
    <defName>PirateKingA46</defName>
    <slot>Adulthood</slot>
    <title>Pirate trooper</title>
    <titleShort>Trooper</titleShort>
    <baseDesc>NAME joined a renowned interstellar criminal organization, and was often part of shock-assault boarding parties during starship raids. Though HIS combat experience made HIM a good fighter, the ruthlessness of the job left HIM cold-hearted and unenthusiastic about social interaction.</baseDesc>
    <workDisables>
      <li>Caring</li>
      <li>Social</li>
    </workDisables>
    <skillGains>
      <li>
        <key>Shooting</key>
        <value>6</value>
      </li>
      <li>
        <key>Melee</key>
        <value>5</value>
      </li>
    </skillGains>
    <bodyTypeMale>Hulk</bodyTypeMale>
    <bodyTypeFemale>Hulk</bodyTypeFemale>
    <spawnCategories>
      <li>Outlander</li>
      <li>Outlander</li>
      <li>Slave</li>
      <li>Trader</li>
      <li>Traveler</li>
    </spawnCategories>
  </REB_Code.BackstoryDef>
  <REB_Code.BackstoryDef>
    <defName>PirateKingA47</defName>
    <slot>Adulthood</slot>
    <title>Pirate</title>
    <titleShort>Pirate</titleShort>
    <baseDesc>As a pirate leader, NAME was well-known for HIS cunning plans and chess-like traps. HECAP was never afraid to sacrifice a few pawns to capture an important target. HISCAP name has been linked more then once to strategies that overcame overwhelming odds.</baseDesc>
    <workDisables>
      <li>ManualDumb</li>
    </workDisables>
    <skillGains>
      <li>
        <key>Shooting</key>
        <value>4</value>
      </li>
      <li>
        <key>Melee</key>
        <value>2</value>
      </li>
      <li>
        <key>Social</key>
        <value>8</value>
      </li>
    </skillGains>
    <bodyTypeMale>Male</bodyTypeMale>
    <bodyTypeFemale>Female</bodyTypeFemale>
    <spawnCategories>
      <li>Outlander</li>
      <li>Outlander</li>
      <li>Slave</li>
      <li>Trader</li>
      <li>Traveler</li>
    </spawnCategories>
  </REB_Code.BackstoryDef>
  <REB_Code.BackstoryDef>
    <defName>PirateKingA48</defName>
    <slot>Adulthood</slot>
    <title>Political activist</title>
    <titleShort>Activist</titleShort>
    <baseDesc>NAME was involved with a radical political faction which worked against HIS homeworld's government. The guerilla tactics training that NAME received from HIS associates gave HIM the skills to fight, but also drove HIM to compromise HIS own beliefs.</baseDesc>
    <skillGains>
      <li>
        <key>Intellectual</key>
        <value>2</value>
      </li>
      <li>
        <key>Shooting</key>
        <value>5</value>
      </li>
      <li>
        <key>Melee</key>
        <value>3</value>
      </li>
      <li>
        <key>Medicine</key>
        <value>2</value>
      </li>
    </skillGains>
    <bodyTypeMale>Male</bodyTypeMale>
    <bodyTypeFemale>Female</bodyTypeFemale>
    <spawnCategories>
      <li>Outlander</li>
      <li>Outlander</li>
      <li>Slave</li>
      <li>Trader</li>
      <li>Traveler</li>
    </spawnCategories>
  </REB_Code.BackstoryDef>
  <REB_Code.BackstoryDef>
    <defName>PirateKingA49</defName>
    <slot>Adulthood</slot>
    <title>Pop idol pirate</title>
    <titleShort>Pirate</titleShort>
    <baseDesc>NAME and HIS fans set out as a space pirate crew. HECAP raided corporations for money and staged performances to spread HIS name. NAME became afraid of fire when a rival burned HIS stage down. HECAP relied on HIS fans to do the work HE found unappealing.</baseDesc>
    <workDisables>
      <li>ManualDumb</li>
      <li>Caring</li>
      <li>Firefighting</li>
    </workDisables>
    <skillGains>
      <li>
        <key>Growing</key>
        <value>-2</value>
      </li>
      <li>
        <key>Shooting</key>
        <value>5</value>
      </li>
      <li>
        <key>Melee</key>
        <value>7</value>
      </li>
      <li>
        <key>Social</key>
        <value>4</value>
      </li>
      <li>
        <key>Cooking</key>
        <value>-2</value>
      </li>
    </skillGains>
    <bodyTypeMale>Male</bodyTypeMale>
    <bodyTypeFemale>Female</bodyTypeFemale>
    <spawnCategories>
      <li>Outlander</li>
      <li>Outlander</li>
      <li>Slave</li>
      <li>Trader</li>
      <li>Traveler</li>
    </spawnCategories>
  </REB_Code.BackstoryDef>
  <REB_Code.BackstoryDef>
    <defName>PirateKingA50</defName>
    <slot>Adulthood</slot>
    <title>Raider king</title>
    <titleShort>Outlander</titleShort>
    <baseDesc>Starting as nothing more than a slave, NAME rose quickly among the raider ranks until all knew HIS name and HIS ruthlessness.</baseDesc>
    <workDisables>
      <li>Intellectual</li>
    </workDisables>
    <skillGains>
      <li>
        <key>Mining</key>
        <value>3</value>
      </li>
      <li>
        <key>Shooting</key>
        <value>5</value>
      </li>
      <li>
        <key>Melee</key>
        <value>5</value>
      </li>
    </skillGains>
    <bodyTypeMale>Male</bodyTypeMale>
    <bodyTypeFemale>Female</bodyTypeFemale>
    <spawnCategories>
      <li>Outlander</li>
      <li>Outlander</li>
      <li>Slave</li>
      <li>Trader</li>
      <li>Traveler</li>
    </spawnCategories>
  </REB_Code.BackstoryDef>
  <REB_Code.BackstoryDef>
    <defName>PirateKingA51</defName>
    <slot>Adulthood</slot>
    <title>Religious hierarch</title>
    <titleShort>Hierarch</titleShort>
    <baseDesc>Ordained as a priest in HIS local community, NAME used intrigue and diplomacy to rise to the higher echelon of the clergy. HECAP held numerous titles and lands. One day, a merchant landed HIS spaceship near NAME's home. HECAP decided to accompany the merchant in search for new worlds and challenges.</baseDesc>
    <workDisables>
      <li>ManualDumb</li>
      <li>Artistic</li>
    </workDisables>
    <skillGains>
      <li>
        <key>Construction</key>
        <value>-3</value>
      </li>
      <li>
        <key>Mining</key>
        <value>-3</value>
      </li>
      <li>
        <key>Shooting</key>
        <value>-2</value>
      </li>
      <li>
        <key>Melee</key>
        <value>-2</value>
      </li>
      <li>
        <key>Social</key>
        <value>8</value>
      </li>
      <li>
        <key>Cooking</key>
        <value>4</value>
      </li>
      <li>
        <key>Medicine</key>
        <value>5</value>
      </li>
    </skillGains>
    <bodyTypeMale>Male</bodyTypeMale>
    <bodyTypeFemale>Female</bodyTypeFemale>
    <spawnCategories>
      <li>Outlander</li>
      <li>Outlander</li>
      <li>Slave</li>
      <li>Trader</li>
      <li>Traveler</li>
    </spawnCategories>
  </REB_Code.BackstoryDef>
  <REB_Code.BackstoryDef>
    <defName>PirateKingA52</defName>
    <slot>Adulthood</slot>
    <title>Renegade engineer</title>
    <titleShort>Engineer</titleShort>
    <baseDesc>After a daring escape from the prison planet with a small crew of fellow inmates, NAME set HIS gaze on HIS homeworld. HECAP travelled there, recruited more followers, hijacked a space cruiser, and launched into the void.</baseDesc>
    <skillGains>
      <li>
        <key>Intellectual</key>
        <value>3</value>
      </li>
      <li>
        <key>Shooting</key>
        <value>3</value>
      </li>
      <li>
        <key>Melee</key>
        <value>3</value>
      </li>
      <li>
        <key>Medicine</key>
        <value>3</value>
      </li>
    </skillGains>
    <bodyTypeMale>Thin</bodyTypeMale>
    <bodyTypeFemale>Thin</bodyTypeFemale>
    <spawnCategories>
      <li>Outlander</li>
      <li>Outlander</li>
      <li>Slave</li>
      <li>Trader</li>
      <li>Traveler</li>
    </spawnCategories>
  </REB_Code.BackstoryDef>
  <REB_Code.BackstoryDef>
    <defName>PirateKingA53</defName>
    <slot>Adulthood</slot>
    <title>Selfless hunter</title>
    <titleShort>Hunter</titleShort>
    <baseDesc>NAME was a hunter of mysterious creatures that many didn't even believe existed. Sometimes the people were right - and sometimes they were wrong. Along the way, HE helped people in need.</baseDesc>
    <skillGains>
      <li>
        <key>Shooting</key>
        <value>5</value>
      </li>
      <li>
        <key>Social</key>
        <value>6</value>
      </li>
    </skillGains>
    <bodyTypeMale>Male</bodyTypeMale>
    <bodyTypeFemale>Female</bodyTypeFemale>
    <spawnCategories>
      <li>Outlander</li>
      <li>Outlander</li>
      <li>Slave</li>
      <li>Trader</li>
      <li>Traveler</li>
    </spawnCategories>
  </REB_Code.BackstoryDef>
  <REB_Code.BackstoryDef>
    <defName>PirateKingA54</defName>
    <slot>Adulthood</slot>
    <title>Shaman of shadows</title>
    <titleShort>Shaman</titleShort>
    <baseDesc>When the monsters of fire came from the sky, NAME was called upon by HIS tribe to guide them into battle. NAME made use of medicines and rituals to inspire and lead the warriors of many tribes against the invaders. The pirates were forced to retreat without capturing a single slave.</baseDesc>
    <workDisables>
      <li>Violent</li>
    </workDisables>
    <skillGains>
      <li>
        <key>Construction</key>
        <value>-2</value>
      </li>
      <li>
        <key>Growing</key>
        <value>2</value>
      </li>
      <li>
        <key>Intellectual</key>
        <value>2</value>
      </li>
      <li>
        <key>Social</key>
        <value>6</value>
      </li>
      <li>
        <key>Medicine</key>
        <value>4</value>
      </li>
    </skillGains>
    <bodyTypeMale>Thin</bodyTypeMale>
    <bodyTypeFemale>Thin</bodyTypeFemale>
    <spawnCategories>
      <li>Outlander</li>
      <li>Slave</li>
      <li>Trader</li>
      <li>Traveler</li>
    </spawnCategories>
  </REB_Code.BackstoryDef>
  <REB_Code.BackstoryDef>
    <defName>PirateKingA55</defName>
    <slot>Adulthood</slot>
    <title>Space explorer</title>
    <titleShort>Explorer</titleShort>
    <baseDesc>NAME once spent ten years trapped, alone on an alien planet. HECAP quickly adapted to the local environment, and learned to communicate with HIS local enemies. This long period alone left HIM without close friends. HISCAP heart is sensitive, but HE learned to hide HIS emotions very well.</baseDesc>
    <workDisables>
      <li>Caring</li>
    </workDisables>
    <skillGains>
      <li>
        <key>Construction</key>
        <value>3</value>
      </li>
      <li>
        <key>Growing</key>
        <value>3</value>
      </li>
      <li>
        <key>Mining</key>
        <value>3</value>
      </li>
      <li>
        <key>Shooting</key>
        <value>4</value>
      </li>
      <li>
        <key>Social</key>
        <value>4</value>
      </li>
    </skillGains>
    <bodyTypeMale>Male</bodyTypeMale>
    <bodyTypeFemale>Female</bodyTypeFemale>
    <spawnCategories>
      <li>Outlander</li>
      <li>Outlander</li>
      <li>Slave</li>
      <li>Trader</li>
      <li>Traveler</li>
    </spawnCategories>
  </REB_Code.BackstoryDef>
  <REB_Code.BackstoryDef>
    <defName>PirateKingA56</defName>
    <slot>Adulthood</slot>
    <title>Space merchant</title>
    <titleShort>Merchant</titleShort>
    <baseDesc>As part of a freelance interplanetary lifestyle, NAME sought to dominate HIS romantic interests as much as HIS business adversaries. When HE didn't have HIS own ship to fly, HE worked charter ships for hire.</baseDesc>
    <workDisables>
      <li>Caring</li>
    </workDisables>
    <skillGains>
      <li>
        <key>Construction</key>
        <value>4</value>
      </li>
      <li>
        <key>Shooting</key>
        <value>2</value>
      </li>
      <li>
        <key>Social</key>
        <value>5</value>
      </li>
      <li>
        <key>Crafting</key>
        <value>2</value>
      </li>
    </skillGains>
    <bodyTypeMale>Male</bodyTypeMale>
    <bodyTypeFemale>Female</bodyTypeFemale>
    <spawnCategories>
      <li>Outlander</li>
      <li>Outlander</li>
      <li>Slave</li>
      <li>Trader</li>
      <li>Traveler</li>
    </spawnCategories>
  </REB_Code.BackstoryDef>
  <REB_Code.BackstoryDef>
    <defName>PirateKingA57</defName>
    <slot>Adulthood</slot>
    <title>Space raider</title>
    <titleShort>Outlander</titleShort>
    <baseDesc>NAME was the leader of a spaceborne pirate crew. Skipping between the rim worlds, HE became the feared enemy of many settlements.</baseDesc>
    <skillGains>
      <li>
        <key>Shooting</key>
        <value>8</value>
      </li>
      <li>
        <key>Melee</key>
        <value>3</value>
      </li>
      <li>
        <key>Social</key>
        <value>5</value>
      </li>
    </skillGains>
    <bodyTypeMale>Male</bodyTypeMale>
    <bodyTypeFemale>Female</bodyTypeFemale>
    <spawnCategories>
      <li>Outlander</li>
      <li>Outlander</li>
      <li>Slave</li>
      <li>Trader</li>
      <li>Traveler</li>
    </spawnCategories>
  </REB_Code.BackstoryDef>
  <REB_Code.BackstoryDef>
    <defName>PirateKingA58</defName>
    <slot>Adulthood</slot>
    <title>Space trafficker</title>
    <titleShort>Trafficker</titleShort>
    <baseDesc>NAME discovered HE was heir of HIS distant uncle's weapons-trading business. To protect the future of the company HE went through extensive military training, in case of any "unforeseen circumstances."</baseDesc>
    <workDisables>
      <li>Animals</li>
      <li>Artistic</li>
      <li>Crafting</li>
    </workDisables>
    <skillGains>
      <li>
        <key>Shooting</key>
        <value>5</value>
      </li>
      <li>
        <key>Melee</key>
        <value>5</value>
      </li>
      <li>
        <key>Social</key>
        <value>5</value>
      </li>
      <li>
        <key>Medicine</key>
        <value>-2</value>
      </li>
    </skillGains>
    <bodyTypeMale>Male</bodyTypeMale>
    <bodyTypeFemale>Female</bodyTypeFemale>
    <spawnCategories>
      <li>Outlander</li>
      <li>Outlander</li>
      <li>Slave</li>
      <li>Trader</li>
      <li>Traveler</li>
    </spawnCategories>
  </REB_Code.BackstoryDef>
  <REB_Code.BackstoryDef>
    <defName>PirateKingA59</defName>
    <slot>Adulthood</slot>
    <title>Space traveler</title>
    <titleShort>Spacer</titleShort>
    <baseDesc>NAME left HIS home behind, turning to the stars. HECAP worked HIS way from planet to planet, taking on whatever jobs HE could find to earn passage onward, rarely staying with a ship for long. Eventually HE obtained HIS own vessel and has gradually attracted a quiet but effective crew.</baseDesc>
    <skillGains>
      <li>
        <key>Construction</key>
        <value>-2</value>
      </li>
      <li>
        <key>Intellectual</key>
        <value>3</value>
      </li>
      <li>
        <key>Mining</key>
        <value>-3</value>
      </li>
      <li>
        <key>Shooting</key>
        <value>5</value>
      </li>
      <li>
        <key>Melee</key>
        <value>4</value>
      </li>
      <li>
        <key>Social</key>
        <value>-1</value>
      </li>
      <li>
        <key>Medicine</key>
        <value>2</value>
      </li>
      <li>
        <key>Artistic</key>
        <value>3</value>
      </li>
      <li>
        <key>Crafting</key>
        <value>1</value>
      </li>
    </skillGains>
    <bodyTypeMale>Thin</bodyTypeMale>
    <bodyTypeFemale>Thin</bodyTypeFemale>
    <spawnCategories>
      <li>Outlander</li>
      <li>Outlander</li>
      <li>Slave</li>
      <li>Trader</li>
      <li>Traveler</li>
    </spawnCategories>
  </REB_Code.BackstoryDef>
  <REB_Code.BackstoryDef>
    <defName>PirateKingA60</defName>
    <slot>Adulthood</slot>
    <title>State engineer</title>
    <titleShort>Engineer</titleShort>
    <baseDesc>NAME enrolled in the state weapons research program. While brilliant in HIS work, HE was so enthusiastic in testing HIS creations that HE accidentally wounded some colleagues and was marked as unfit for service.</baseDesc>
    <skillGains>
      <li>
        <key>Construction</key>
        <value>2</value>
      </li>
      <li>
        <key>Intellectual</key>
        <value>4</value>
      </li>
      <li>
        <key>Social</key>
        <value>-1</value>
      </li>
      <li>
        <key>Crafting</key>
        <value>5</value>
      </li>
    </skillGains>
    <bodyTypeMale>Thin</bodyTypeMale>
    <bodyTypeFemale>Thin</bodyTypeFemale>
    <spawnCategories>
      <li>Outlander</li>
      <li>Outlander</li>
      <li>Slave</li>
      <li>Trader</li>
      <li>Traveler</li>
    </spawnCategories>
  </REB_Code.BackstoryDef>
  <REB_Code.BackstoryDef>
    <defName>PirateKingA61</defName>
    <slot>Adulthood</slot>
    <title>Super soldier</title>
    <titleShort>Soldier</titleShort>
    <baseDesc>Product of a super-soldier program run by a now-deposed government, NAME was lost. HECAP survived the final suicide attack on the enemy mothership. What now? For the first time in HIS life, HE had no orders, no objectives. HECAP rose from wreckage and strove towards uncertainty, towards freedom.</baseDesc>
    <workDisables>
      <li>Social</li>
      <li>Animals</li>
      <li>Artistic</li>
    </workDisables>
    <skillGains>
      <li>
        <key>Shooting</key>
        <value>8</value>
      </li>
      <li>
        <key>Melee</key>
        <value>7</value>
      </li>
      <li>
        <key>Crafting</key>
        <value>-3</value>
      </li>
    </skillGains>
    <bodyTypeMale>Hulk</bodyTypeMale>
    <bodyTypeFemale>Hulk</bodyTypeFemale>
    <spawnCategories>
      <li>Outlander</li>
      <li>Outlander</li>
      <li>Slave</li>
      <li>Trader</li>
      <li>Traveler</li>
    </spawnCategories>
  </REB_Code.BackstoryDef>
  <REB_Code.BackstoryDef>
    <defName>PirateKingA62</defName>
    <slot>Adulthood</slot>
    <title>System lord</title>
    <titleShort>Lord</titleShort>
    <baseDesc>For NAME, ruling a country, or even a planet, was not good enough. HECAP sought to expand HIS influence across the system - by legal or extralegal means.</baseDesc>
    <workDisables>
      <li>Caring</li>
    </workDisables>
    <skillGains>
      <li>
        <key>Shooting</key>
        <value>6</value>
      </li>
      <li>
        <key>Melee</key>
        <value>2</value>
      </li>
      <li>
        <key>Social</key>
        <value>6</value>
      </li>
    </skillGains>
    <bodyTypeMale>Male</bodyTypeMale>
    <bodyTypeFemale>Female</bodyTypeFemale>
    <spawnCategories>
      <li>Outlander</li>
      <li>Outlander</li>
      <li>Slave</li>
      <li>Trader</li>
      <li>Traveler</li>
    </spawnCategories>
  </REB_Code.BackstoryDef>
  <REB_Code.BackstoryDef>
    <defName>PirateKingA63</defName>
    <slot>Adulthood</slot>
    <title>Systems engineer</title>
    <titleShort>Engineer</titleShort>
    <baseDesc>Like HIS father, NAME was a systems engineer. HECAP was qualified in both colony and ship systems. When not working, HE would make mechanical figurines, read old books, or occasionally travel to uncharted worlds. Being introverted, HE did these things mostly alone.</baseDesc>
    <workDisables>
      <li>Social</li>
    </workDisables>
    <skillGains>
      <li>
        <key>Construction</key>
        <value>5</value>
      </li>
      <li>
        <key>Intellectual</key>
        <value>7</value>
      </li>
      <li>
        <key>Crafting</key>
        <value>4</value>
      </li>
    </skillGains>
    <bodyTypeMale>Male</bodyTypeMale>
    <bodyTypeFemale>Female</bodyTypeFemale>
    <spawnCategories>
      <li>Outlander</li>
      <li>Outlander</li>
      <li>Slave</li>
      <li>Trader</li>
      <li>Traveler</li>
    </spawnCategories>
  </REB_Code.BackstoryDef>
  <REB_Code.BackstoryDef>
    <defName>PirateKingA64</defName>
    <slot>Adulthood</slot>
    <title>Test subject</title>
    <titleShort>Subject</titleShort>
    <baseDesc>NAME enrolled in a scientific study that promised it could make HIM smarter. Unfortunately, the side effects were very different than HE expected.HE went insane and killed a number of people before escaping HIS homeworld.</baseDesc>
    <workDisables>
      <li>Caring</li>
      <li>Social</li>
      <li>Artistic</li>
      <li>Cooking</li>
      <li>Cleaning</li>
      <li>PlantWork</li>
    </workDisables>
    <skillGains>
      <li>
        <key>Shooting</key>
        <value>4</value>
      </li>
      <li>
        <key>Melee</key>
        <value>4</value>
      </li>
    </skillGains>
    <bodyTypeMale>Hulk</bodyTypeMale>
    <bodyTypeFemale>Hulk</bodyTypeFemale>
    <spawnCategories>
      <li>Outlander</li>
      <li>Outlander</li>
      <li>Slave</li>
      <li>Trader</li>
      <li>Traveler</li>
    </spawnCategories>
  </REB_Code.BackstoryDef>
  <REB_Code.BackstoryDef>
    <defName>PirateKingA65</defName>
    <slot>Adulthood</slot>
    <title>Toaster repairman</title>
    <titleShort>Repairman</titleShort>
    <baseDesc>Good with HIS hands and passionate about technology, NAME aspired to invent gadgets and machines that would change HIS home world forever. A few failed and occasionally disastrous creations later, HE gave up on HIS dream and took a job more befitting HIS skill set.</baseDesc>
    <workDisables>
      <li>Intellectual</li>
      <li>Artistic</li>
    </workDisables>
    <skillGains>
      <li>
        <key>Construction</key>
        <value>3</value>
      </li>
      <li>
        <key>Mining</key>
        <value>-3</value>
      </li>
      <li>
        <key>Crafting</key>
        <value>3</value>
      </li>
    </skillGains>
    <bodyTypeMale>Male</bodyTypeMale>
    <bodyTypeFemale>Female</bodyTypeFemale>
    <spawnCategories>
      <li>Outlander</li>
      <li>Outlander</li>
      <li>Slave</li>
      <li>Trader</li>
      <li>Traveler</li>
    </spawnCategories>
  </REB_Code.BackstoryDef>
  <REB_Code.BackstoryDef>
    <defName>PirateKingA66</defName>
    <slot>Adulthood</slot>
    <title>Tool mechanic</title>
    <titleShort>Mechanic</titleShort>
    <baseDesc>NAME was a famous tool mechanic on a dusty rim world. After HIS firm closed due to scandal, HE joined a tribe to survive, crafting fine knives and hammers, traveling, and dealing HIS wares between settlements.</baseDesc>
    <workDisables>
      <li>Animals</li>
      <li>PlantWork</li>
    </workDisables>
    <skillGains>
      <li>
        <key>Construction</key>
        <value>5</value>
      </li>
      <li>
        <key>Artistic</key>
        <value>2</value>
      </li>
      <li>
        <key>Crafting</key>
        <value>8</value>
      </li>
    </skillGains>
    <bodyTypeMale>Male</bodyTypeMale>
    <bodyTypeFemale>Female</bodyTypeFemale>
    <spawnCategories>
      <li>Outlander</li>
      <li>Outlander</li>
      <li>Slave</li>
      <li>Trader</li>
      <li>Traveler</li>
    </spawnCategories>
  </REB_Code.BackstoryDef>
  <REB_Code.BackstoryDef>
    <defName>PirateKingA67</defName>
    <slot>Adulthood</slot>
    <title>Urbworld enforcer</title>
    <titleShort>Enforcer</titleShort>
    <baseDesc>NAME was an enforcer of law on an ancient urbworld. HECAP dealt with the worst of humanity, from protecting greedy urbworld nobility in their spire palaces to rooting out cannibal cults in the deepest reaches of the underground hive.</baseDesc>
    <workDisables>
      <li>Intellectual</li>
    </workDisables>
    <skillGains>
      <li>
        <key>Shooting</key>
        <value>7</value>
      </li>
      <li>
        <key>Melee</key>
        <value>4</value>
      </li>
      <li>
        <key>Social</key>
        <value>3</value>
      </li>
      <li>
        <key>Medicine</key>
        <value>2</value>
      </li>
    </skillGains>
    <bodyTypeMale>Thin</bodyTypeMale>
    <bodyTypeFemale>Thin</bodyTypeFemale>
    <forcedTraits>
      <li>
        <key>Nerves</key>
        <value>1</value>
      </li>
    </forcedTraits>
    <spawnCategories>
      <li>Outlander</li>
      <li>Outlander</li>
      <li>Slave</li>
      <li>Trader</li>
      <li>Traveler</li>
    </spawnCategories>
  </REB_Code.BackstoryDef>
  <REB_Code.BackstoryDef>
    <defName>PirateKingA68</defName>
    <slot>Adulthood</slot>
    <title>Urbworld pimp</title>
    <titleShort>Pimp</titleShort>
    <baseDesc>At first, NAME made a small profit from selling drugs. Then, HE switched to selling women and made a fortune. HECAP developed great skills with HIS fists. HECAP also learned to fix up the injuries HE inflicted on the girls.</baseDesc>
    <workDisables>
      <li>Cleaning</li>
    </workDisables>
    <skillGains>
      <li>
        <key>Melee</key>
        <value>6</value>
      </li>
      <li>
        <key>Social</key>
        <value>4</value>
      </li>
      <li>
        <key>Medicine</key>
        <value>5</value>
      </li>
    </skillGains>
    <bodyTypeMale>Thin</bodyTypeMale>
    <bodyTypeFemale>Thin</bodyTypeFemale>
    <spawnCategories>
      <li>Outlander</li>
      <li>Outlander</li>
      <li>Slave</li>
      <li>Trader</li>
      <li>Traveler</li>
    </spawnCategories>
  </REB_Code.BackstoryDef>
  <REB_Code.BackstoryDef>
    <defName>PirateKingA69</defName>
    <slot>Adulthood</slot>
    <title>Vengeful explorer</title>
    <titleShort>Explorer</titleShort>
    <baseDesc>A violent drifter without a home, NAME and HIS father fought many battles across hundreds of years. HECAP became a grizzled fighter and crack shot. After HIS father's death in battle, NAME began exploring the stars alone, seeking HIS father's killer, on the hunt for revenge.</baseDesc>
    <workDisables>
      <li>Caring</li>
    </workDisables>
    <skillGains>
      <li>
        <key>Construction</key>
        <value>4</value>
      </li>
      <li>
        <key>Shooting</key>
        <value>6</value>
      </li>
      <li>
        <key>Melee</key>
        <value>5</value>
      </li>
    </skillGains>
    <bodyTypeMale>Hulk</bodyTypeMale>
    <bodyTypeFemale>Hulk</bodyTypeFemale>
    <spawnCategories>
      <li>Outlander</li>
      <li>Outlander</li>
      <li>Slave</li>
      <li>Trader</li>
      <li>Traveler</li>
    </spawnCategories>
  </REB_Code.BackstoryDef>
  <REB_Code.BackstoryDef>
    <defName>PirateKingA70</defName>
    <slot>Adulthood</slot>
    <title>Vinho king</title>
    <titleShort>Booze king</titleShort>
    <baseDesc>After prohibition came to Aracena VI, NAME expanded HIS underground liquor business until it dominated the market on two continents. They called HIM the Vinho King. Though HE mostly controlled HIS competition by masterful political maneuvering, HE was not above the occasional beat-down or stiletto assassination.</baseDesc>
    <workDisables>
      <li>PlantWork</li>
    </workDisables>
    <skillGains>
      <li>
        <key>Intellectual</key>
        <value>3</value>
      </li>
      <li>
        <key>Shooting</key>
        <value>3</value>
      </li>
      <li>
        <key>Social</key>
        <value>7</value>
      </li>
    </skillGains>
    <bodyTypeGlobal>Fat</bodyTypeGlobal>
    <spawnCategories>
      <li>Outlander</li>
      <li>Outlander</li>
      <li>Slave</li>
      <li>Trader</li>
      <li>Traveler</li>
    </spawnCategories>
  </REB_Code.BackstoryDef>
  <REB_Code.BackstoryDef>
    <defName>PirateKingA71</defName>
    <slot>Adulthood</slot>
    <title>Voidspace raider</title>
    <titleShort>Outlander</titleShort>
    <baseDesc>After years of seeking the assassin that broke up HIS family, NAME was offered a place with a group of space-faring raiders. HECAP accepted, hoping to find the killer HE sought. Due to HIS seemingly-unending ability to narrowly escape danger, HE earned the nickname "Blackjack" in recognition of HIS luck.</baseDesc>
    <workDisables>
      <li>Artistic</li>
    </workDisables>
    <skillGains>
      <li>
        <key>Mining</key>
        <value>2</value>
      </li>
      <li>
        <key>Shooting</key>
        <value>4</value>
      </li>
      <li>
        <key>Melee</key>
        <value>2</value>
      </li>
      <li>
        <key>Medicine</key>
        <value>2</value>
      </li>
      <li>
        <key>Crafting</key>
        <value>3</value>
      </li>
    </skillGains>
    <bodyTypeMale>Male</bodyTypeMale>
    <bodyTypeFemale>Female</bodyTypeFemale>
    <spawnCategories>
      <li>Outlander</li>
      <li>Outlander</li>
      <li>Slave</li>
      <li>Trader</li>
      <li>Traveler</li>
    </spawnCategories>
  </REB_Code.BackstoryDef>
  <REB_Code.BackstoryDef>
    <defName>PirateKingA72</defName>
    <slot>Adulthood</slot>
    <title>Wandering crafter</title>
    <titleShort>Crafter</titleShort>
    <baseDesc>NAME continued to follow HIS parents' nomadic ways, supporting HIMself with HIS crafting skills. But wandering is a hard life, and HE often thought of finding somewhere to settle down and put HIS skills to good use.</baseDesc>
    <skillGains>
      <li>
        <key>Intellectual</key>
        <value>2</value>
      </li>
      <li>
        <key>Shooting</key>
        <value>3</value>
      </li>
      <li>
        <key>Crafting</key>
        <value>8</value>
      </li>
    </skillGains>
    <bodyTypeMale>Male</bodyTypeMale>
    <bodyTypeFemale>Female</bodyTypeFemale>
    <spawnCategories>
      <li>Outlander</li>
      <li>Outlander</li>
      <li>Slave</li>
      <li>Trader</li>
      <li>Traveler</li>
    </spawnCategories>
  </REB_Code.BackstoryDef>
</Defs>